video_id_and_cpn,codecs,dims_and_frames,bandwidth_kbps,buffer_health_seconds,date,drm_style,drm,debug_info,extra_debug_info,bandwidth_style,network_activity_style,network_activity_bytes,shader_info_style,playback_categories,volume,resolution,color,color_style,live_mode_style,live_latency_style,playback_categories_style,bandwidth_samples,network_activity_samples,live_latency_samples,buffer_health_samples,cotn_and_local_media_style,release_style,extra_debug_info_style,playback_fraction,current_time
tKydpb0z6i0 / DNAJ HHVD YJJ1,av01.0.05M.08 (398) / opus (251),1280x720 / -,0 Kbps,0.00 s,Fri Sep 22 2023 10:54:12 GMT-0700 (Pacific Daylight Time),display:none,,s:49 t:0.00 b:  pl_i:944,,,,0 KB,display:none,,100% / 100% (content loudness -9.4dB),0x0@25 / 1280x720@25,bt709 / bt709,,display:none,display:none,display:none,[],[],[],[],display:none,display:none,display:none,0.0,0.0
tKydpb0z6i0 / DNAJ HHVD YJJ1,av01.0.05M.08 (398) / opus (251),1280x720 / -,0 Kbps,0.00 s,Fri Sep 22 2023 10:54:12 GMT-0700 (Pacific Daylight Time),display:none,,s:49 t:0.00 b:  pl_i:944,,,,0 KB,display:none,,100% / 100% (content loudness -9.4dB),0x0@25 / 1280x720@25,bt709 / bt709,,display:none,display:none,display:none,[],[],[],[],display:none,display:none,display:none,0.0,0.0
tKydpb0z6i0 / DNAJ HHVD YJJ1,av01.0.05M.08 (398) / opus (251),1280x720 / 0 dropped of 7,43643 Kbps,0.00 s,Fri Sep 22 2023 10:54:12 GMT-0700 (Pacific Daylight Time),display:none,,s:8 t:0.14 b:0.000-9.720  pl_i:944 pbs:1309,,,,0 KB,display:none,,100% / 100% (content loudness -9.4dB),1280x720@25 / 1280x720@25,bt709 / bt709,,display:none,display:none,display:none,[],[],[],[],display:none,display:none,display:none,0.014142275364069,0.143482
tKydpb0z6i0 / DNAJ HHVD YJJ1,av01.0.05M.08 (398) / opus (251),1280x720 / 0 dropped of 13,40746 Kbps,9.57 s,Fri Sep 22 2023 10:54:13 GMT-0700 (Pacific Daylight Time),display:none,,s:8 t:0.38 b:0.000-18.901  pl_i:944 pbs:1309,,,,1183 KB,display:none,,100% / 100% (content loudness -9.4dB),1280x720@25 / 1280x720@25,bt709 / bt709,,display:none,display:none,display:none,[],[],[],[],display:none,display:none,display:none,0.0275003237300687,0.384141
tKydpb0z6i0 / DNAJ HHVD YJJ1,av01.0.05M.08 (398) / opus (251),1280x720 / 0 dropped of 19,40536 Kbps,18.50 s,Fri Sep 22 2023 10:54:13 GMT-0700 (Pacific Daylight Time),display:none,,s:8 t:0.63 b:0.000-18.901  pl_i:944 pbs:1309,,,,557 KB,display:none,,100% / 100% (content loudness -9.4dB),1280x720@25 / 1280x720@25,bt709 / bt709,,display:none,display:none,display:none,[5188601],[570409],[None],[18.497121810913086],display:none,display:none,display:none,0.0275003237300687,0.633108
tKydpb0z6i0 / DNAJ HHVD YJJ1,av01.0.05M.08 (398) / opus (251),1280x720 / 0 dropped of 25,40536 Kbps,18.25 s,Fri Sep 22 2023 10:54:13 GMT-0700 (Pacific Daylight Time),display:none,,s:8 t:0.89 b:0.000-18.901  pl_i:944 pbs:1309,,,,0 KB,display:none,,100% / 100% (content loudness -9.4dB),1280x720@25 / 1280x720@25,bt709 / bt709,,display:none,display:none,display:none,[],[],[],[],display:none,display:none,display:none,0.0275003237300687,0.888207
tKydpb0z6i0 / DNAJ HHVD YJJ1,av01.0.05M.08 (398) / opus (251),1280x720 / 0 dropped of 31,40536 Kbps,17.99 s,Fri Sep 22 2023 10:54:13 GMT-0700 (Pacific Daylight Time),display:none,,s:8 t:1.14 b:0.000-18.901  pl_i:944 pbs:1309,,,,0 KB,display:none,,100% / 100% (content loudness -9.4dB),1280x720@25 / 1280x720@25,bt709 / bt709,,display:none,display:none,display:none,[5188601],[0],[None],[17.99408721923828],display:none,display:none,display:none,0.0275003237300687,1.13808
tKydpb0z6i0 / DNAJ HHVD YJJ1,av01.0.05M.08 (398) / opus (251),1280x720 / 0 dropped of 38,40536 Kbps,17.74 s,Fri Sep 22 2023 10:54:14 GMT-0700 (Pacific Daylight Time),display:none,,s:8 t:1.39 b:0.000-18.901  pl_i:944 pbs:1309,,,,0 KB,display:none,,100% / 100% (content loudness -9.4dB),1280x720@25 / 1280x720@25,bt709 / bt709,,display:none,display:none,display:none,[],[],[],[],display:none,display:none,display:none,0.0275003237300687,1.387254
tKydpb0z6i0 / DNAJ HHVD YJJ1,av01.0.05M.08 (398) / opus (251),1280x720 / 0 dropped of 44,40536 Kbps,17.48 s,Fri Sep 22 2023 10:54:14 GMT-0700 (Pacific Daylight Time),display:none,,s:8 t:1.64 b:0.000-18.901  pl_i:944 pbs:1309,,,,0 KB,display:none,,100% / 100% (content loudness -9.4dB),1280x720@25 / 1280x720@25,bt709 / bt709,,display:none,display:none,display:none,[5188601],[0],[None],[17.482328414916992],display:none,display:none,display:none,0.0275003237300687,1.640772
tKydpb0z6i0 / DNAJ HHVD YJJ1,av01.0.05M.08 (398) / opus (251),1280x720 / 0 dropped of 50,40536 Kbps,17.23 s,Fri Sep 22 2023 10:54:14 GMT-0700 (Pacific Daylight Time),display:none,,s:8 t:1.88 b:0.000-18.901  pl_i:944 pbs:1309,,,,0 KB,display:none,,100% / 100% (content loudness -9.4dB),1280x720@25 / 1280x720@25,bt709 / bt709,,display:none,display:none,display:none,[],[],[],[],display:none,display:none,display:none,0.0275003237300687,1.884119
tKydpb0z6i0 / DNAJ HHVD YJJ1,av01.0.05M.08 (398) / opus (251),1280x720 / 0 dropped of 61,40536 Kbps,16.97 s,Fri Sep 22 2023 10:54:14 GMT-0700 (Pacific Daylight Time),display:none,,s:8 t:2.30 b:0.000-18.901  pl_i:944 pbs:1309,,,,0 KB,display:none,,100% / 100% (content loudness -9.4dB),1280x720@25 / 1280x720@25,bt709 / bt709,,display:none,display:none,display:none,[5188601],[0],[None],[16.973493576049805],display:none,display:none,display:none,0.0275003237300687,2.304762
tKydpb0z6i0 / DNAJ HHVD YJJ1,av01.0.05M.08 (398) / opus (251),870x489 / 0 dropped of 63,40536 Kbps,16.60 s,Fri Sep 22 2023 10:54:15 GMT-0700 (Pacific Daylight Time),display:none,,s:8 t:2.38 b:0.000-30.001  pl_i:944 pbs:1309,,,,0 KB,display:none,,100% / 100% (content loudness -9.4dB),1280x720@25 / 854x480@25,bt709 / bt709,,display:none,display:none,display:none,[],[],[],[],display:none,display:none,display:none,0.0436504530038512,2.383763
tKydpb0z6i0 / DNAJ HHVD YJJ1,av01.0.05M.08 (398) / opus (251),870x489 / 0 dropped of 69,40047 Kbps,27.44 s,Fri Sep 22 2023 10:54:15 GMT-0700 (Pacific Daylight Time),display:none,,s:8 t:2.63 b:0.000-30.001  pl_i:944 pbs:1309,,,,185 KB,display:none,,100% / 100% (content loudness -9.4dB),1280x720@25 / 854x480@25,bt709 / bt709,,display:none,display:none,display:none,[5126018],[188961],[None],[27.444520950317383],display:none,display:none,display:none,0.0436504530038512,2.631633
tKydpb0z6i0 / DNAJ HHVD YJJ1,av01.0.05M.08 (398) / opus (251),870x489 / 0 dropped of 75,40047 Kbps,27.19 s,Fri Sep 22 2023 10:54:15 GMT-0700 (Pacific Daylight Time),display:none,,s:8 t:2.89 b:0.000-30.001  pl_i:944 pbs:1309,,,,0 KB,display:none,,100% / 100% (content loudness -9.4dB),1280x720@25 / 854x480@25,bt709 / bt709,,display:none,display:none,display:none,[],[],[],[],display:none,display:none,display:none,0.0436504530038512,2.887224
tKydpb0z6i0 / DNAJ HHVD YJJ1,av01.0.05M.08 (398) / opus (251),870x489 / 0 dropped of 81,40047 Kbps,26.94 s,Fri Sep 22 2023 10:54:15 GMT-0700 (Pacific Daylight Time),display:none,,s:8 t:3.13 b:0.000-30.001  pl_i:944 pbs:1309,,,,0 KB,display:none,,100% / 100% (content loudness -9.4dB),1280x720@25 / 854x480@25,bt709 / bt709,,display:none,display:none,display:none,[5126018],[0],[None],[26.938066482543945],display:none,display:none,display:none,0.0436504530038512,3.134902
tKydpb0z6i0 / DNAJ HHVD YJJ1,av01.0.05M.08 (398) / opus (251),870x489 / 0 dropped of 88,40047 Kbps,26.68 s,Fri Sep 22 2023 10:54:16 GMT-0700 (Pacific Daylight Time),display:none,,s:8 t:3.38 b:0.000-30.001  pl_i:944 pbs:1309,,,,0 KB,display:none,,100% / 100% (content loudness -9.4dB),1280x720@25 / 854x480@25,bt709 / bt709,,display:none,display:none,display:none,[],[],[],[],display:none,display:none,display:none,0.0436504530038512,3.382562
tKydpb0z6i0 / DNAJ HHVD YJJ1,av01.0.05M.08 (398) / opus (251),870x489 / 0 dropped of 94,40047 Kbps,26.43 s,Fri Sep 22 2023 10:54:16 GMT-0700 (Pacific Daylight Time),display:none,,s:8 t:3.64 b:0.000-30.001  pl_i:944 pbs:1309,,,,0 KB,display:none,,100% / 100% (content loudness -9.4dB),1280x720@25 / 854x480@25,bt709 / bt709,,display:none,display:none,display:none,[5126018],[0],[None],[26.426523208618164],display:none,display:none,display:none,0.0436504530038512,3.638602
tKydpb0z6i0 / DNAJ HHVD YJJ1,av01.0.05M.08 (398) / opus (251),870x489 / 0 dropped of 100,40047 Kbps,26.17 s,Fri Sep 22 2023 10:54:16 GMT-0700 (Pacific Daylight Time),display:none,,s:8 t:3.88 b:0.000-30.001  pl_i:944 pbs:1309,,,,0 KB,display:none,,100% / 100% (content loudness -9.4dB),1280x720@25 / 854x480@25,bt709 / bt709,,display:none,display:none,display:none,[],[],[],[],display:none,display:none,display:none,0.0436504530038512,3.883862
tKydpb0z6i0 / DNAJ HHVD YJJ1,av01.0.05M.08 (398) / opus (251),870x489 / 0 dropped of 106,40047 Kbps,25.91 s,Fri Sep 22 2023 10:54:16 GMT-0700 (Pacific Daylight Time),display:none,,s:8 t:4.13 b:0.000-30.001  pl_i:944 pbs:1309,,,,0 KB,display:none,,100% / 100% (content loudness -9.4dB),1280x720@25 / 854x480@25,bt709 / bt709,,display:none,display:none,display:none,[5126018],[0],[None],[25.914445877075195],display:none,display:none,display:none,0.0436504530038512,4.134683
tKydpb0z6i0 / DNAJ HHVD YJJ1,av01.0.05M.08 (398) / opus (251),870x489 / 0 dropped of 113,40047 Kbps,25.66 s,Fri Sep 22 2023 10:54:17 GMT-0700 (Pacific Daylight Time),display:none,,s:8 t:4.38 b:0.000-30.001  pl_i:944 pbs:1309,,,,0 KB,display:none,,100% / 100% (content loudness -9.4dB),1280x720@25 / 854x480@25,bt709 / bt709,,display:none,display:none,display:none,[],[],[],[],display:none,display:none,display:none,0.0436504530038512,4.382552
tKydpb0z6i0 / DNAJ HHVD YJJ1,av01.0.05M.08 (398) / opus (251),870x489 / 0 dropped of 119,40047 Kbps,25.40 s,Fri Sep 22 2023 10:54:17 GMT-0700 (Pacific Daylight Time),display:none,,s:8 t:4.63 b:0.000-30.001  pl_i:944 pbs:1309,,,,0 KB,display:none,,100% / 100% (content loudness -9.4dB),1280x720@25 / 854x480@25,bt709 / bt709,,display:none,display:none,display:none,[5126018],[0],[None],[25.39533233642578],display:none,display:none,display:none,0.0436504530038512,4.630715
tKydpb0z6i0 / DNAJ HHVD YJJ1,av01.0.05M.08 (398) / opus (251),870x489 / 0 dropped of 125,40047 Kbps,25.14 s,Fri Sep 22 2023 10:54:17 GMT-0700 (Pacific Daylight Time),display:none,,s:8 t:4.89 b:0.000-30.001  pl_i:944 pbs:1309,,,,0 KB,display:none,,100% / 100% (content loudness -9.4dB),1280x720@25 / 854x480@25,bt709 / bt709,,display:none,display:none,display:none,[],[],[],[],display:none,display:none,display:none,0.0436504530038512,4.886676
tKydpb0z6i0 / DNAJ HHVD YJJ1,av01.0.05M.08 (398) / opus (251),870x489 / 0 dropped of 131,40047 Kbps,24.88 s,Fri Sep 22 2023 10:54:17 GMT-0700 (Pacific Daylight Time),display:none,,s:8 t:5.13 b:0.000-30.001  pl_i:944 pbs:1309,,,,0 KB,display:none,,100% / 100% (content loudness -9.4dB),1280x720@25 / 854x480@25,bt709 / bt709,,display:none,display:none,display:none,[5126018],[0],[None],[24.88236427307129],display:none,display:none,display:none,0.0436504530038512,5.1347
tKydpb0z6i0 / DNAJ HHVD YJJ1,av01.0.05M.08 (398) / opus (251),870x489 / 0 dropped of 138,40047 Kbps,24.63 s,Fri Sep 22 2023 10:54:18 GMT-0700 (Pacific Daylight Time),display:none,,s:8 t:5.38 b:0.000-30.001  pl_i:944 pbs:1309,,,,0 KB,display:none,,100% / 100% (content loudness -9.4dB),1280x720@25 / 854x480@25,bt709 / bt709,,display:none,display:none,display:none,[],[],[],[],display:none,display:none,display:none,0.0436504530038512,5.383203
tKydpb0z6i0 / DNAJ HHVD YJJ1,av01.0.05M.08 (398) / opus (251),870x489 / 0 dropped of 144,40047 Kbps,24.37 s,Fri Sep 22 2023 10:54:18 GMT-0700 (Pacific Daylight Time),display:none,,s:8 t:5.63 b:0.000-30.001  pl_i:944 pbs:1309,,,,0 KB,display:none,,100% / 100% (content loudness -9.4dB),1280x720@25 / 854x480@25,bt709 / bt709,,display:none,display:none,display:none,[5126018],[0],[None],[24.37050437927246],display:none,display:none,display:none,0.0436504530038512,5.630601
tKydpb0z6i0 / DNAJ HHVD YJJ1,av01.0.05M.08 (398) / opus (251),870x489 / 0 dropped of 150,40047 Kbps,24.37 s,Fri Sep 22 2023 10:54:18 GMT-0700 (Pacific Daylight Time),display:none,,s:8 t:5.88 b:0.000-30.001  pl_i:944 pbs:1309,,,,0 KB,display:none,,100% / 100% (content loudness -9.4dB),1280x720@25 / 854x480@25,bt709 / bt709,,display:none,display:none,display:none,[],[],[],[],display:none,display:none,display:none,0.0436504530038512,5.880871
tKydpb0z6i0 / DNAJ HHVD YJJ1,av01.0.05M.08 (398) / opus (251),870x489 / 0 dropped of 156,40047 Kbps,24.12 s,Fri Sep 22 2023 10:54:18 GMT-0700 (Pacific Daylight Time),display:none,,s:8 t:6.13 b:0.000-30.001  pl_i:944 pbs:1309,,,,0 KB,display:none,,100% / 100% (content loudness -9.4dB),1280x720@25 / 854x480@25,bt709 / bt709,,display:none,display:none,display:none,[5126018],[0],[None],[24.11959457397461],display:none,display:none,display:none,0.0436504530038512,6.134465
tKydpb0z6i0 / DNAJ HHVD YJJ1,av01.0.05M.08 (398) / opus (251),870x489 / 0 dropped of 163,40047 Kbps,23.87 s,Fri Sep 22 2023 10:54:19 GMT-0700 (Pacific Daylight Time),display:none,,s:8 t:6.39 b:0.000-30.001  pl_i:944 pbs:1309,,,,0 KB,display:none,,100% / 100% (content loudness -9.4dB),1280x720@25 / 854x480@25,bt709 / bt709,,display:none,display:none,display:none,[],[],[],[],display:none,display:none,display:none,0.0436504530038512,6.386217
tKydpb0z6i0 / DNAJ HHVD YJJ1,av01.0.05M.08 (398) / opus (251),870x489 / 0 dropped of 169,40047 Kbps,23.61 s,Fri Sep 22 2023 10:54:19 GMT-0700 (Pacific Daylight Time),display:none,,s:8 t:6.64 b:0.000-30.001  pl_i:944 pbs:1309,,,,0 KB,display:none,,100% / 100% (content loudness -9.4dB),1280x720@25 / 854x480@25,bt709 / bt709,,display:none,display:none,display:none,[5126018],[0],[None],[23.6141357421875],display:none,display:none,display:none,0.0436504530038512,6.63849
tKydpb0z6i0 / DNAJ HHVD YJJ1,av01.0.05M.08 (398) / opus (251),870x489 / 0 dropped of 175,40047 Kbps,23.36 s,Fri Sep 22 2023 10:54:19 GMT-0700 (Pacific Daylight Time),display:none,,s:8 t:6.89 b:0.000-30.001  pl_i:944 pbs:1309,,,,0 KB,display:none,,100% / 100% (content loudness -9.4dB),1280x720@25 / 854x480@25,bt709 / bt709,,display:none,display:none,display:none,[5126018],[0],[None],[23.361801147460938],display:none,display:none,display:none,0.0436504530038512,6.886345
tKydpb0z6i0 / DNAJ HHVD YJJ1,av01.0.05M.08 (398) / opus (251),870x489 / 0 dropped of 181,40047 Kbps,23.11 s,Fri Sep 22 2023 10:54:19 GMT-0700 (Pacific Daylight Time),display:none,,s:8 t:7.13 b:0.000-30.001  pl_i:944 pbs:1309,,,,0 KB,display:none,,100% / 100% (content loudness -9.4dB),1280x720@25 / 854x480@25,bt709 / bt709,,display:none,display:none,display:none,[5126018],[0],[None],[23.110523223876953],display:none,display:none,display:none,0.0436504530038512,7.134356
tKydpb0z6i0 / DNAJ HHVD YJJ1,av01.0.05M.08 (398) / opus (251),870x489 / 0 dropped of 188,40047 Kbps,22.86 s,Fri Sep 22 2023 10:54:20 GMT-0700 (Pacific Daylight Time),display:none,,s:8 t:7.38 b:0.000-30.001  pl_i:944 pbs:1309,,,,0 KB,display:none,,100% / 100% (content loudness -9.4dB),1280x720@25 / 854x480@25,bt709 / bt709,,display:none,display:none,display:none,[5126018],[0],[None],[22.858657836914062],display:none,display:none,display:none,0.0436504530038512,7.382416
tKydpb0z6i0 / DNAJ HHVD YJJ1,av01.0.05M.08 (398) / opus (251),870x489 / 0 dropped of 194,40047 Kbps,22.61 s,Fri Sep 22 2023 10:54:20 GMT-0700 (Pacific Daylight Time),display:none,,s:8 t:7.64 b:0.000-31.240  pl_i:944 pbs:1309,,,,0 KB,display:none,,100% / 100% (content loudness -9.4dB),1280x720@25 / 854x480@25,bt709 / bt709,,display:none,display:none,display:none,[5126018],[0],[None],[22.607324600219727],display:none,display:none,display:none,0.0454531566227897,7.638423
tKydpb0z6i0 / DNAJ HHVD YJJ1,av01.0.05M.08 (398) / opus (251),870x489 / 0 dropped of 200,40649 Kbps,23.59 s,Fri Sep 22 2023 10:54:20 GMT-0700 (Pacific Daylight Time),display:none,,s:8 t:7.89 b:0.000-31.240  pl_i:944 pbs:1309,,,,326 KB,display:none,,100% / 100% (content loudness -9.4dB),1280x720@25 / 854x480@25,bt709 / bt709,,display:none,display:none,display:none,[5203078],[333600],[None],[23.59357261657715],display:none,display:none,display:none,0.0454531566227897,7.886501
tKydpb0z6i0 / DNAJ HHVD YJJ1,av01.0.05M.08 (398) / opus (251),870x489 / 1 dropped of 205,40649 Kbps,23.34 s,Fri Sep 22 2023 10:54:20 GMT-0700 (Pacific Daylight Time),display:none,,s:8 t:8.13 b:0.000-31.240  pl_i:944 pbs:1309,,,,0 KB,display:none,,100% / 100% (content loudness -9.4dB),1280x720@25 / 854x480@25,bt709 / bt709,,display:none,display:none,display:none,[5203078],[0],[None],[23.342140197753906],display:none,display:none,display:none,0.0454531566227897,8.133642
tKydpb0z6i0 / DNAJ HHVD YJJ1,av01.0.05M.08 (398) / opus (251),870x489 / 5 dropped of 212,40649 Kbps,23.09 s,Fri Sep 22 2023 10:54:21 GMT-0700 (Pacific Daylight Time),display:none,,s:8 t:8.38 b:0.000-31.240  pl_i:944 pbs:1309,,,,0 KB,display:none,,100% / 100% (content loudness -9.4dB),1280x720@25 / 854x480@25,bt709 / bt709,,display:none,display:none,display:none,[5203078],[0],[None],[23.090042114257812],display:none,display:none,display:none,0.0454531566227897,8.382578
tKydpb0z6i0 / DNAJ HHVD YJJ1,av01.0.05M.08 (398) / opus (251),870x489 / 7 dropped of 219,40649 Kbps,22.84 s,Fri Sep 22 2023 10:54:21 GMT-0700 (Pacific Daylight Time),display:none,,s:8 t:8.63 b:0.000-31.240  pl_i:944 pbs:1309,,,,0 KB,display:none,,100% / 100% (content loudness -9.4dB),1280x720@25 / 854x480@25,bt709 / bt709,,display:none,display:none,display:none,[5203078],[0],[None],[22.83635139465332],display:none,display:none,display:none,0.0454531566227897,8.63086
tKydpb0z6i0 / DNAJ HHVD YJJ1,av01.0.05M.08 (398) / opus (251),870x489 / 7 dropped of 225,40439 Kbps,22.59 s,Fri Sep 22 2023 10:54:21 GMT-0700 (Pacific Daylight Time),display:none,,s:8 t:8.89 b:0.000-37.520  pl_i:944 pbs:1309,,,,86 KB,display:none,,100% / 100% (content loudness -9.4dB),1280x720@25 / 854x480@25,bt709 / bt709,,display:none,display:none,display:none,[5176143],[88132],[None],[22.585569381713867],display:none,display:none,display:none,0.0545903468785874,8.886494
tKydpb0z6i0 / DNAJ HHVD YJJ1,av01.0.05M.08 (398) / opus (251),870x489 / 7 dropped of 232,39827 Kbps,28.61 s,Fri Sep 22 2023 10:54:21 GMT-0700 (Pacific Daylight Time),display:none,,s:8 t:9.13 b:0.000-37.520  pl_i:944 pbs:1309,,,,76 KB,display:none,,100% / 100% (content loudness -9.4dB),1280x720@25 / 854x480@25,bt709 / bt709,,display:none,display:none,display:none,[5097833],[78126],[None],[28.60958480834961],display:none,display:none,display:none,0.0545903468785874,9.13499
tKydpb0z6i0 / DNAJ HHVD YJJ1,av01.0.05M.08 (398) / opus (251),870x489 / 7 dropped of 238,39827 Kbps,28.35 s,Fri Sep 22 2023 10:54:22 GMT-0700 (Pacific Daylight Time),display:none,,s:8 t:9.38 b:0.000-37.520  pl_i:944 pbs:1309,,,,0 KB,display:none,,100% / 100% (content loudness -9.4dB),1280x720@25 / 854x480@25,bt709 / bt709,,display:none,display:none,display:none,[5097833],[0],[None],[28.35358428955078],display:none,display:none,display:none,0.0545903468785874,9.382455
tKydpb0z6i0 / DNAJ HHVD YJJ1,av01.0.05M.08 (398) / opus (251),870x489 / 7 dropped of 244,39827 Kbps,28.10 s,Fri Sep 22 2023 10:54:22 GMT-0700 (Pacific Daylight Time),display:none,,s:8 t:9.63 b:0.000-37.520  pl_i:944 pbs:1309,,,,0 KB,display:none,,100% / 100% (content loudness -9.4dB),1280x720@25 / 854x480@25,bt709 / bt709,,display:none,display:none,display:none,[5097833],[0],[None],[28.09754180908203],display:none,display:none,display:none,0.0545903468785874,9.633457
tKydpb0z6i0 / DNAJ HHVD YJJ1,av01.0.05M.08 (398) / opus (251),870x489 / 7 dropped of 250,39827 Kbps,27.84 s,Fri Sep 22 2023 10:54:22 GMT-0700 (Pacific Daylight Time),display:none,,s:8 t:9.89 b:0.000-37.520  pl_i:944 pbs:1309,,,,0 KB,display:none,,100% / 100% (content loudness -9.4dB),1280x720@25 / 854x480@25,bt709 / bt709,,display:none,display:none,display:none,[5097833],[0],[None],[27.841598510742188],display:none,display:none,display:none,0.0545903468785874,9.886646
tKydpb0z6i0 / DNAJ HHVD YJJ1,av01.0.05M.08 (398) / opus (251),870x489 / 7 dropped of 256,39827 Kbps,27.59 s,Fri Sep 22 2023 10:54:22 GMT-0700 (Pacific Daylight Time),display:none,,s:8 t:10.13 b:0.000-37.520  pl_i:944 pbs:1309,,,,0 KB,display:none,,100% / 100% (content loudness -9.4dB),1280x720@25 / 854x480@25,bt709 / bt709,,display:none,display:none,display:none,[5097833],[0],[None],[27.591022491455078],display:none,display:none,display:none,0.0545903468785874,10.134441
tKydpb0z6i0 / DNAJ HHVD YJJ1,av01.0.05M.08 (398) / opus (251),870x489 / 7 dropped of 263,39827 Kbps,27.34 s,Fri Sep 22 2023 10:54:23 GMT-0700 (Pacific Daylight Time),display:none,,s:8 t:10.38 b:0.000-37.520  pl_i:944 pbs:1309,,,,0 KB,display:none,,100% / 100% (content loudness -9.4dB),1280x720@25 / 854x480@25,bt709 / bt709,,display:none,display:none,display:none,[5097833],[0],[None],[27.337636947631836],display:none,display:none,display:none,0.0545903468785874,10.382325
tKydpb0z6i0 / DNAJ HHVD YJJ1,av01.0.05M.08 (398) / opus (251),870x489 / 7 dropped of 269,39827 Kbps,27.08 s,Fri Sep 22 2023 10:54:23 GMT-0700 (Pacific Daylight Time),display:none,,s:8 t:10.64 b:0.000-37.520  pl_i:944 pbs:1309,,,,0 KB,display:none,,100% / 100% (content loudness -9.4dB),1280x720@25 / 854x480@25,bt709 / bt709,,display:none,display:none,display:none,[5097833],[0],[None],[27.081621170043945],display:none,display:none,display:none,0.0545903468785874,10.638309
tKydpb0z6i0 / DNAJ HHVD YJJ1,av01.0.05M.08 (398) / opus (251),870x489 / 7 dropped of 275,39827 Kbps,26.83 s,Fri Sep 22 2023 10:54:23 GMT-0700 (Pacific Daylight Time),display:none,,s:8 t:10.89 b:0.000-37.520  pl_i:944 pbs:1309,,,,0 KB,display:none,,100% / 100% (content loudness -9.4dB),1280x720@25 / 854x480@25,bt709 / bt709,,display:none,display:none,display:none,[5097833],[0],[None],[26.825777053833008],display:none,display:none,display:none,0.0545903468785874,10.886938
tKydpb0z6i0 / DNAJ HHVD YJJ1,av01.0.05M.08 (398) / opus (251),870x489 / 7 dropped of 281,39827 Kbps,26.57 s,Fri Sep 22 2023 10:54:23 GMT-0700 (Pacific Daylight Time),display:none,,s:8 t:11.13 b:0.000-37.520  pl_i:944 pbs:1309,,,,0 KB,display:none,,100% / 100% (content loudness -9.4dB),1280x720@25 / 854x480@25,bt709 / bt709,,display:none,display:none,display:none,[5097833],[0],[None],[26.569805145263672],display:none,display:none,display:none,0.0545903468785874,11.134125
tKydpb0z6i0 / DNAJ HHVD YJJ1,av01.0.05M.08 (398) / opus (251),870x489 / 7 dropped of 288,39827 Kbps,26.31 s,Fri Sep 22 2023 10:54:24 GMT-0700 (Pacific Daylight Time),display:none,,s:8 t:11.38 b:0.000-37.520  pl_i:944 pbs:1309,,,,0 KB,display:none,,100% / 100% (content loudness -9.4dB),1280x720@25 / 854x480@25,bt709 / bt709,,display:none,display:none,display:none,[5097833],[0],[None],[26.313594818115234],display:none,display:none,display:none,0.0545903468785874,11.382235
tKydpb0z6i0 / DNAJ HHVD YJJ1,av01.0.05M.08 (398) / opus (251),870x489 / 7 dropped of 294,39827 Kbps,26.06 s,Fri Sep 22 2023 10:54:24 GMT-0700 (Pacific Daylight Time),display:none,,s:8 t:11.64 b:0.000-37.520  pl_i:944 pbs:1309,,,,0 KB,display:none,,100% / 100% (content loudness -9.4dB),1280x720@25 / 854x480@25,bt709 / bt709,,display:none,display:none,display:none,[5097833],[0],[None],[26.060665130615234],display:none,display:none,display:none,0.0545903468785874,11.638201
tKydpb0z6i0 / DNAJ HHVD YJJ1,av01.0.05M.08 (398) / opus (251),870x489 / 7 dropped of 300,39827 Kbps,25.81 s,Fri Sep 22 2023 10:54:24 GMT-0700 (Pacific Daylight Time),display:none,,s:8 t:11.89 b:0.000-43.440  pl_i:944 pbs:1309,,,,0 KB,display:none,,100% / 100% (content loudness -9.4dB),1280x720@25 / 854x480@25,bt709 / bt709,,display:none,display:none,display:none,[5097833],[0],[None],[25.80974769592285],display:none,display:none,display:none,0.063203749157938,11.886118
tKydpb0z6i0 / DNAJ HHVD YJJ1,av01.0.05M.08 (398) / opus (251),870x489 / 7 dropped of 306,40218 Kbps,31.47 s,Fri Sep 22 2023 10:54:24 GMT-0700 (Pacific Daylight Time),display:none,,s:8 t:12.13 b:0.000-43.440  pl_i:944 pbs:1309,,,,69 KB,display:none,,100% / 100% (content loudness -9.4dB),1280x720@25 / 854x480@25,bt709 / bt709,,display:none,display:none,display:none,[5147957.5],[70939],[None],[31.47380828857422],display:none,display:none,display:none,0.063203749157938,12.134039
tKydpb0z6i0 / DNAJ HHVD YJJ1,av01.0.05M.08 (398) / opus (251),870x489 / 7 dropped of 313,40218 Kbps,31.22 s,Fri Sep 22 2023 10:54:25 GMT-0700 (Pacific Daylight Time),display:none,,s:8 t:12.38 b:0.000-43.440  pl_i:944 pbs:1309,,,,0 KB,display:none,,100% / 100% (content loudness -9.4dB),1280x720@25 / 854x480@25,bt709 / bt709,,display:none,display:none,display:none,[5147957.5],[0],[None],[31.217937469482422],display:none,display:none,display:none,0.063203749157938,12.382988
tKydpb0z6i0 / DNAJ HHVD YJJ1,av01.0.05M.08 (398) / opus (251),870x489 / 7 dropped of 319,40218 Kbps,30.96 s,Fri Sep 22 2023 10:54:25 GMT-0700 (Pacific Daylight Time),display:none,,s:8 t:12.64 b:0.000-43.440  pl_i:944 pbs:1309,,,,0 KB,display:none,,100% / 100% (content loudness -9.4dB),1280x720@25 / 854x480@25,bt709 / bt709,,display:none,display:none,display:none,[5147957.5],[0],[None],[30.963850021362305],display:none,display:none,display:none,0.063203749157938,12.637804
tKydpb0z6i0 / DNAJ HHVD YJJ1,av01.0.05M.08 (398) / opus (251),870x489 / 7 dropped of 325,40218 Kbps,30.71 s,Fri Sep 22 2023 10:54:25 GMT-0700 (Pacific Daylight Time),display:none,,s:8 t:12.89 b:0.000-43.440  pl_i:944 pbs:1309,,,,0 KB,display:none,,100% / 100% (content loudness -9.4dB),1280x720@25 / 854x480@25,bt709 / bt709,,display:none,display:none,display:none,[5147957.5],[0],[None],[30.70616340637207],display:none,display:none,display:none,0.063203749157938,12.88587
tKydpb0z6i0 / DNAJ HHVD YJJ1,av01.0.05M.08 (398) / opus (251),870x489 / 7 dropped of 331,40218 Kbps,30.45 s,Fri Sep 22 2023 10:54:25 GMT-0700 (Pacific Daylight Time),display:none,,s:8 t:13.13 b:0.000-43.440  pl_i:944 pbs:1309,,,,0 KB,display:none,,100% / 100% (content loudness -9.4dB),1280x720@25 / 854x480@25,bt709 / bt709,,display:none,display:none,display:none,[5147957.5],[0],[None],[30.450084686279297],display:none,display:none,display:none,0.063203749157938,13.133903
tKydpb0z6i0 / DNAJ HHVD YJJ1,av01.0.05M.08 (398) / opus (251),870x489 / 7 dropped of 338,40218 Kbps,30.19 s,Fri Sep 22 2023 10:54:26 GMT-0700 (Pacific Daylight Time),display:none,,s:8 t:13.38 b:0.000-43.440  pl_i:944 pbs:1309,,,,0 KB,display:none,,100% / 100% (content loudness -9.4dB),1280x720@25 / 854x480@25,bt709 / bt709,,display:none,display:none,display:none,[5147957.5],[0],[None],[30.19404411315918],display:none,display:none,display:none,0.063203749157938,13.381853
tKydpb0z6i0 / DNAJ HHVD YJJ1,av01.0.05M.08 (398) / opus (251),870x489 / 7 dropped of 344,40218 Kbps,29.94 s,Fri Sep 22 2023 10:54:26 GMT-0700 (Pacific Daylight Time),display:none,,s:8 t:13.64 b:0.000-43.440  pl_i:944 pbs:1309,,,,0 KB,display:none,,100% / 100% (content loudness -9.4dB),1280x720@25 / 854x480@25,bt709 / bt709,,display:none,display:none,display:none,[5147957.5],[0],[None],[29.938146591186523],display:none,display:none,display:none,0.063203749157938,13.637866
tKydpb0z6i0 / DNAJ HHVD YJJ1,av01.0.05M.08 (398) / opus (251),870x489 / 7 dropped of 350,40218 Kbps,29.68 s,Fri Sep 22 2023 10:54:26 GMT-0700 (Pacific Daylight Time),display:none,,s:8 t:13.89 b:0.000-43.440  pl_i:944 pbs:1309,,,,0 KB,display:none,,100% / 100% (content loudness -9.4dB),1280x720@25 / 854x480@25,bt709 / bt709,,display:none,display:none,display:none,[5147957.5],[0],[None],[29.682117462158203],display:none,display:none,display:none,0.063203749157938,13.885946
tKydpb0z6i0 / DNAJ HHVD YJJ1,av01.0.05M.08 (398) / opus (251),870x489 / 8 dropped of 356,40218 Kbps,29.43 s,Fri Sep 22 2023 10:54:26 GMT-0700 (Pacific Daylight Time),display:none,,s:8 t:14.13 b:0.000-43.440  pl_i:944 pbs:1309,,,,0 KB,display:none,,100% / 100% (content loudness -9.4dB),1280x720@25 / 854x480@25,bt709 / bt709,,display:none,display:none,display:none,[5147957.5],[0],[None],[29.426130294799805],display:none,display:none,display:none,0.063203749157938,14.133921
tKydpb0z6i0 / DNAJ HHVD YJJ1,av01.0.05M.08 (398) / opus (251),870x489 / 10 dropped of 360,40218 Kbps,29.17 s,Fri Sep 22 2023 10:54:27 GMT-0700 (Pacific Daylight Time),display:none,,s:8 t:14.38 b:0.000-43.440  pl_i:944 pbs:1309,,,,0 KB,display:none,,100% / 100% (content loudness -9.4dB),1280x720@25 / 854x480@25,bt709 / bt709,,display:none,display:none,display:none,[5147957.5],[0],[None],[29.170162200927734],display:none,display:none,display:none,0.063203749157938,14.381784
tKydpb0z6i0 / DNAJ HHVD YJJ1,av01.0.05M.08 (398) / opus (251),870x489 / 13 dropped of 366,40218 Kbps,28.92 s,Fri Sep 22 2023 10:54:27 GMT-0700 (Pacific Daylight Time),display:none,,s:8 t:14.64 b:0.000-43.440  pl_i:944 pbs:1309,,,,0 KB,display:none,,100% / 100% (content loudness -9.4dB),1280x720@25 / 854x480@25,bt709 / bt709,,display:none,display:none,display:none,[5147957.5],[0],[None],[28.915693283081055],display:none,display:none,display:none,0.063203749157938,14.637753
tKydpb0z6i0 / DNAJ HHVD YJJ1,av01.0.05M.08 (398) / opus (251),870x489 / 17 dropped of 373,40218 Kbps,28.66 s,Fri Sep 22 2023 10:54:27 GMT-0700 (Pacific Daylight Time),display:none,,s:8 t:14.89 b:0.000-43.440  pl_i:944 pbs:1309,,,,0 KB,display:none,,100% / 100% (content loudness -9.4dB),1280x720@25 / 854x480@25,bt709 / bt709,,display:none,display:none,display:none,[5147957.5],[0],[None],[28.658344268798828],display:none,display:none,display:none,0.063203749157938,14.885664
tKydpb0z6i0 / DNAJ HHVD YJJ1,av01.0.05M.08 (398) / opus (251),870x489 / 17 dropped of 379,40531 Kbps,28.41 s,Fri Sep 22 2023 10:54:27 GMT-0700 (Pacific Daylight Time),display:none,,s:8 t:15.13 b:0.000-47.760  pl_i:944 pbs:1309,,,,206 KB,display:none,,100% / 100% (content loudness -9.4dB),1280x720@25 / 854x480@25,bt709 / bt709,,display:none,display:none,display:none,[5188005],[210720],[None],[28.40510368347168],display:none,display:none,display:none,0.069489204875302,15.133696
tKydpb0z6i0 / DNAJ HHVD YJJ1,av01.0.05M.08 (398) / opus (251),870x489 / 17 dropped of 385,40321 Kbps,32.47 s,Fri Sep 22 2023 10:54:28 GMT-0700 (Pacific Daylight Time),display:none,,s:8 t:15.38 b:0.000-47.760  pl_i:944 pbs:1309,,,,14 KB,display:none,,100% / 100% (content loudness -9.4dB),1280x720@25 / 854x480@25,bt709 / bt709,,display:none,display:none,display:none,[5161070],[14204],[None],[32.4744987487793],display:none,display:none,display:none,0.069489204875302,15.382487
tKydpb0z6i0 / DNAJ HHVD YJJ1,av01.0.05M.08 (398) / opus (251),870x489 / 17 dropped of 392,40321 Kbps,32.22 s,Fri Sep 22 2023 10:54:28 GMT-0700 (Pacific Daylight Time),display:none,,s:8 t:15.64 b:0.000-47.760  pl_i:944 pbs:1309,,,,0 KB,display:none,,100% / 100% (content loudness -9.4dB),1280x720@25 / 854x480@25,bt709 / bt709,,display:none,display:none,display:none,[5161070],[0],[None],[32.218597412109375],display:none,display:none,display:none,0.069489204875302,15.637508
tKydpb0z6i0 / DNAJ HHVD YJJ1,av01.0.05M.08 (398) / opus (251),870x489 / 17 dropped of 399,40321 Kbps,31.96 s,Fri Sep 22 2023 10:54:28 GMT-0700 (Pacific Daylight Time),display:none,,s:8 t:15.89 b:0.000-47.760  pl_i:944 pbs:1309,,,,0 KB,display:none,,100% / 100% (content loudness -9.4dB),1280x720@25 / 854x480@25,bt709 / bt709,,display:none,display:none,display:none,[5161070],[0],[None],[31.962610244750977],display:none,display:none,display:none,0.069489204875302,15.885358
tKydpb0z6i0 / DNAJ HHVD YJJ1,av01.0.05M.08 (398) / opus (251),870x489 / 19 dropped of 402,40321 Kbps,31.71 s,Fri Sep 22 2023 10:54:28 GMT-0700 (Pacific Daylight Time),display:none,,s:8 t:16.13 b:0.000-47.760  pl_i:944 pbs:1309,,,,0 KB,display:none,,100% / 100% (content loudness -9.4dB),1280x720@25 / 854x480@25,bt709 / bt709,,display:none,display:none,display:none,[5161070],[0],[None],[31.70667839050293],display:none,display:none,display:none,0.069489204875302,16.133433
tKydpb0z6i0 / DNAJ HHVD YJJ1,av01.0.05M.08 (398) / opus (251),870x489 / 23 dropped of 413,40321 Kbps,31.45 s,Fri Sep 22 2023 10:54:29 GMT-0700 (Pacific Daylight Time),display:none,,s:8 t:16.38 b:0.000-47.760  pl_i:944 pbs:1309,,,,0 KB,display:none,,100% / 100% (content loudness -9.4dB),1280x720@25 / 854x480@25,bt709 / bt709,,display:none,display:none,display:none,[5161070],[0],[None],[31.45046043395996],display:none,display:none,display:none,0.069489204875302,16.381463
tKydpb0z6i0 / DNAJ HHVD YJJ1,av01.0.05M.08 (398) / opus (251),870x489 / 23 dropped of 414,40321 Kbps,31.19 s,Fri Sep 22 2023 10:54:29 GMT-0700 (Pacific Daylight Time),display:none,,s:8 t:16.63 b:0.000-47.760  pl_i:944 pbs:1309,,,,0 KB,display:none,,100% / 100% (content loudness -9.4dB),1280x720@25 / 854x480@25,bt709 / bt709,,display:none,display:none,display:none,[5161070],[0],[None],[31.194509506225586],display:none,display:none,display:none,0.069489204875302,16.632524
tKydpb0z6i0 / DNAJ HHVD YJJ1,av01.0.05M.08 (398) / opus (251),870x489 / 27 dropped of 425,40321 Kbps,30.94 s,Fri Sep 22 2023 10:54:29 GMT-0700 (Pacific Daylight Time),display:none,,s:8 t:16.89 b:0.000-47.760  pl_i:944 pbs:1309,,,,0 KB,display:none,,100% / 100% (content loudness -9.4dB),1280x720@25 / 854x480@25,bt709 / bt709,,display:none,display:none,display:none,[5161070],[0],[None],[30.939924240112305],display:none,display:none,display:none,0.069489204875302,16.885537
tKydpb0z6i0 / DNAJ HHVD YJJ1,av01.0.05M.08 (398) / opus (251),870x489 / 28 dropped of 431,40321 Kbps,30.68 s,Fri Sep 22 2023 10:54:29 GMT-0700 (Pacific Daylight Time),display:none,,s:8 t:17.13 b:0.000-47.760  pl_i:944 pbs:1309,,,,0 KB,display:none,,100% / 100% (content loudness -9.4dB),1280x720@25 / 854x480@25,bt709 / bt709,,display:none,display:none,display:none,[5161070],[0],[None],[30.682514190673828],display:none,display:none,display:none,0.069489204875302,17.130719
tKydpb0z6i0 / DNAJ HHVD YJJ1,av01.0.05M.08 (398) / opus (251),870x489 / 28 dropped of 438,40573 Kbps,32.67 s,Fri Sep 22 2023 10:54:30 GMT-0700 (Pacific Daylight Time),display:none,,s:8 t:17.38 b:0.000-50.001  pl_i:944 pbs:1309,,,,363 KB,display:none,,100% / 100% (content loudness -9.4dB),1280x720@25 / 854x480@25,bt709 / bt709,,display:none,display:none,display:none,[5193324],[372194],[None],[32.66746139526367],display:none,display:none,display:none,0.0727497850286846,17.381451
tKydpb0z6i0 / DNAJ HHVD YJJ1,av01.0.05M.08 (398) / opus (251),870x489 / 28 dropped of 443,40573 Kbps,32.41 s,Fri Sep 22 2023 10:54:30 GMT-0700 (Pacific Daylight Time),display:none,,s:8 t:17.64 b:0.000-50.001  pl_i:944 pbs:1309,,,,0 KB,display:none,,100% / 100% (content loudness -9.4dB),1280x720@25 / 854x480@25,bt709 / bt709,,display:none,display:none,display:none,[5193324],[0],[None],[32.41148376464844],display:none,display:none,display:none,0.0727497850286846,17.637451
tKydpb0z6i0 / DNAJ HHVD YJJ1,av01.0.05M.08 (398) / opus (251),870x489 / 30 dropped of 449,40573 Kbps,32.16 s,Fri Sep 22 2023 10:54:30 GMT-0700 (Pacific Daylight Time),display:none,,s:8 t:17.89 b:0.000-50.001  pl_i:944 pbs:1309,,,,0 KB,display:none,,100% / 100% (content loudness -9.4dB),1280x720@25 / 854x480@25,bt709 / bt709,,display:none,display:none,display:none,[5193324],[0],[None],[32.15565490722656],display:none,display:none,display:none,0.0727497850286846,17.885502
tKydpb0z6i0 / DNAJ HHVD YJJ1,av01.0.05M.08 (398) / opus (251),870x489 / 32 dropped of 453,40573 Kbps,31.90 s,Fri Sep 22 2023 10:54:30 GMT-0700 (Pacific Daylight Time),display:none,,s:8 t:18.13 b:0.000-50.001  pl_i:944 pbs:1309,,,,0 KB,display:none,,100% / 100% (content loudness -9.4dB),1280x720@25 / 854x480@25,bt709 / bt709,,display:none,display:none,display:none,[5193324],[0],[None],[31.899688720703125],display:none,display:none,display:none,0.0727497850286846,18.13336
tKydpb0z6i0 / DNAJ HHVD YJJ1,av01.0.05M.08 (398) / opus (251),870x489 / 36 dropped of 460,40804 Kbps,36.36 s,Fri Sep 22 2023 10:54:31 GMT-0700 (Pacific Daylight Time),display:none,,s:8 t:18.38 b:0.000-54.720  pl_i:944 pbs:1309,,,,458 KB,display:none,,100% / 100% (content loudness -9.4dB),1280x720@25 / 854x480@25,bt709 / bt709,,display:none,display:none,display:none,[5222881],[469163],[None],[36.3626823425293],display:none,display:none,display:none,0.0796157724199441,18.381331
tKydpb0z6i0 / DNAJ HHVD YJJ1,av01.0.05M.08 (398) / opus (251),870x489 / 40 dropped of 466,40804 Kbps,36.11 s,Fri Sep 22 2023 10:54:31 GMT-0700 (Pacific Daylight Time),display:none,,s:8 t:18.64 b:0.000-54.720  pl_i:944 pbs:1309,,,,0 KB,display:none,,100% / 100% (content loudness -9.4dB),1280x720@25 / 854x480@25,bt709 / bt709,,display:none,display:none,display:none,[5222881],[0],[None],[36.10664367675781],display:none,display:none,display:none,0.0796157724199441,18.637287
tKydpb0z6i0 / DNAJ HHVD YJJ1,av01.0.05M.08 (398) / opus (251),870x489 / 44 dropped of 472,40804 Kbps,35.85 s,Fri Sep 22 2023 10:54:31 GMT-0700 (Pacific Daylight Time),display:none,,s:8 t:18.89 b:0.000-54.720  pl_i:944 pbs:1309,,,,0 KB,display:none,,100% / 100% (content loudness -9.4dB),1280x720@25 / 854x480@25,bt709 / bt709,,display:none,display:none,display:none,[5222881],[0],[None],[35.85068130493164],display:none,display:none,display:none,0.0796157724199441,18.88525
tKydpb0z6i0 / DNAJ HHVD YJJ1,av01.0.05M.08 (398) / opus (251),870x489 / 44 dropped of 478,40804 Kbps,35.59 s,Fri Sep 22 2023 10:54:31 GMT-0700 (Pacific Daylight Time),display:none,,s:8 t:19.13 b:0.000-54.720  pl_i:944 pbs:1309,,,,0 KB,display:none,,100% / 100% (content loudness -9.4dB),1280x720@25 / 854x480@25,bt709 / bt709,,display:none,display:none,display:none,[5222881],[0],[None],[35.594722747802734],display:none,display:none,display:none,0.0796157724199441,19.133208
tKydpb0z6i0 / DNAJ HHVD YJJ1,av01.0.05M.08 (398) / opus (251),870x489 / 49 dropped of 488,40804 Kbps,35.34 s,Fri Sep 22 2023 10:54:32 GMT-0700 (Pacific Daylight Time),display:none,,s:8 t:19.38 b:0.000-54.720  pl_i:944 pbs:1309,,,,0 KB,display:none,,100% / 100% (content loudness -9.4dB),1280x720@25 / 854x480@25,bt709 / bt709,,display:none,display:none,display:none,[5222881],[0],[None],[35.33890914916992],display:none,display:none,display:none,0.0796157724199441,19.381198
tKydpb0z6i0 / DNAJ HHVD YJJ1,av01.0.05M.08 (398) / opus (251),870x489 / 50 dropped of 490,40804 Kbps,35.34 s,Fri Sep 22 2023 10:54:32 GMT-0700 (Pacific Daylight Time),display:none,,s:8 t:19.64 b:0.000-54.720  pl_i:944 pbs:1309,,,,0 KB,display:none,,100% / 100% (content loudness -9.4dB),1280x720@25 / 854x480@25,bt709 / bt709,,display:none,display:none,display:none,[],[],[],[],display:none,display:none,display:none,0.0796157724199441,19.637038
tKydpb0z6i0 / DNAJ HHVD YJJ1,av01.0.05M.08 (398) / opus (251),870x489 / 55 dropped of 497,40804 Kbps,35.08 s,Fri Sep 22 2023 10:54:32 GMT-0700 (Pacific Daylight Time),display:none,,s:8 t:19.88 b:0.000-54.720  pl_i:944 pbs:1309,,,,0 KB,display:none,,100% / 100% (content loudness -9.4dB),1280x720@25 / 854x480@25,bt709 / bt709,,display:none,display:none,display:none,[5222881],[0],[None],[35.08168411254883],display:none,display:none,display:none,0.0796157724199441,19.884934
tKydpb0z6i0 / DNAJ HHVD YJJ1,av01.0.05M.08 (398) / opus (251),870x489 / 60 dropped of 504,40804 Kbps,34.83 s,Fri Sep 22 2023 10:54:32 GMT-0700 (Pacific Daylight Time),display:none,,s:8 t:20.13 b:0.000-54.720  pl_i:944 pbs:1309,,,,0 KB,display:none,,100% / 100% (content loudness -9.4dB),1280x720@25 / 854x480@25,bt709 / bt709,,display:none,display:none,display:none,[],[],[],[],display:none,display:none,display:none,0.0796157724199441,20.132901
tKydpb0z6i0 / DNAJ HHVD YJJ1,av01.0.05M.08 (398) / opus (251),870x489 / 64 dropped of 510,40804 Kbps,34.58 s,Fri Sep 22 2023 10:54:33 GMT-0700 (Pacific Daylight Time),display:none,,s:8 t:20.38 b:0.000-60.760  pl_i:944 pbs:1309,,,,0 KB,display:none,,100% / 100% (content loudness -9.4dB),1280x720@25 / 854x480@25,bt709 / bt709,,display:none,display:none,display:none,[5222881],[0],[None],[34.57534408569336],display:none,display:none,display:none,0.0884037706914437,20.380965
tKydpb0z6i0 / DNAJ HHVD YJJ1,av01.0.05M.08 (398) / opus (251),870x489 / 67 dropped of 516,40804 Kbps,40.36 s,Fri Sep 22 2023 10:54:33 GMT-0700 (Pacific Daylight Time),display:none,,s:8 t:20.64 b:0.000-60.760  pl_i:944 pbs:1309,,,,129 KB,display:none,,100% / 100% (content loudness -9.4dB),1280x720@25 / 854x480@25,bt709 / bt709,,display:none,display:none,display:none,[],[],[],[],display:none,display:none,display:none,0.0884037706914437,20.636866
tKydpb0z6i0 / DNAJ HHVD YJJ1,av01.0.05M.08 (398) / opus (251),870x489 / 72 dropped of 522,40804 Kbps,40.11 s,Fri Sep 22 2023 10:54:33 GMT-0700 (Pacific Daylight Time),display:none,,s:8 t:20.88 b:0.000-60.760  pl_i:944 pbs:1309,,,,0 KB,display:none,,100% / 100% (content loudness -9.4dB),1280x720@25 / 854x480@25,bt709 / bt709,,display:none,display:none,display:none,[5222881],[0],[None],[40.10957336425781],display:none,display:none,display:none,0.0884037706914437,20.881853
tKydpb0z6i0 / DNAJ HHVD YJJ1,av01.0.05M.08 (398) / opus (251),870x489 / 73 dropped of 531,40804 Kbps,39.86 s,Fri Sep 22 2023 10:54:33 GMT-0700 (Pacific Daylight Time),display:none,,s:8 t:21.13 b:0.000-60.760  pl_i:944 pbs:1309,,,,0 KB,display:none,,100% / 100% (content loudness -9.4dB),1280x720@25 / 854x480@25,bt709 / bt709,,display:none,display:none,display:none,[],[],[],[],display:none,display:none,display:none,0.0884037706914437,21.131834
tKydpb0z6i0 / DNAJ HHVD YJJ1,av01.0.05M.08 (398) / opus (251),870x489 / 73 dropped of 538,40804 Kbps,39.60 s,Fri Sep 22 2023 10:54:34 GMT-0700 (Pacific Daylight Time),display:none,,s:8 t:21.38 b:0.000-60.760  pl_i:944 pbs:1309,,,,0 KB,display:none,,100% / 100% (content loudness -9.4dB),1280x720@25 / 854x480@25,bt709 / bt709,,display:none,display:none,display:none,[5222881],[0],[None],[39.60322570800781],display:none,display:none,display:none,0.0884037706914437,21.380725
tKydpb0z6i0 / DNAJ HHVD YJJ1,av01.0.05M.08 (398) / opus (251),870x489 / 73 dropped of 544,40804 Kbps,39.35 s,Fri Sep 22 2023 10:54:34 GMT-0700 (Pacific Daylight Time),display:none,,s:8 t:21.64 b:0.000-60.760  pl_i:944 pbs:1309,,,,0 KB,display:none,,100% / 100% (content loudness -9.4dB),1280x720@25 / 854x480@25,bt709 / bt709,,display:none,display:none,display:none,[],[],[],[],display:none,display:none,display:none,0.0884037706914437,21.636769
tKydpb0z6i0 / DNAJ HHVD YJJ1,av01.0.05M.08 (398) / opus (251),870x489 / 73 dropped of 547,40804 Kbps,39.09 s,Fri Sep 22 2023 10:54:34 GMT-0700 (Pacific Daylight Time),display:none,,s:8 t:21.88 b:0.000-60.760  pl_i:944 pbs:1309,,,,0 KB,display:none,,100% / 100% (content loudness -9.4dB),1280x720@25 / 854x480@25,bt709 / bt709,,display:none,display:none,display:none,[5222881],[0],[None],[39.0911865234375],display:none,display:none,display:none,0.0884037706914437,21.884685
tKydpb0z6i0 / DNAJ HHVD YJJ1,av01.0.05M.08 (398) / opus (251),870x489 / 78 dropped of 556,40804 Kbps,38.84 s,Fri Sep 22 2023 10:54:34 GMT-0700 (Pacific Daylight Time),display:none,,s:8 t:22.13 b:0.000-60.760  pl_i:944 pbs:1309,,,,0 KB,display:none,,100% / 100% (content loudness -9.4dB),1280x720@25 / 854x480@25,bt709 / bt709,,display:none,display:none,display:none,[],[],[],[],display:none,display:none,display:none,0.0884037706914437,22.132774
tKydpb0z6i0 / DNAJ HHVD YJJ1,av01.0.05M.08 (398) / opus (251),870x489 / 78 dropped of 562,40804 Kbps,38.59 s,Fri Sep 22 2023 10:54:35 GMT-0700 (Pacific Daylight Time),display:none,,s:8 t:22.38 b:0.000-60.760  pl_i:944 pbs:1309,,,,0 KB,display:none,,100% / 100% (content loudness -9.4dB),1280x720@25 / 854x480@25,bt709 / bt709,,display:none,display:none,display:none,[5222881],[0],[None],[38.58736038208008],display:none,display:none,display:none,0.0884037706914437,22.380836
tKydpb0z6i0 / DNAJ HHVD YJJ1,av01.0.05M.08 (398) / opus (251),870x489 / 80 dropped of 566,40804 Kbps,38.33 s,Fri Sep 22 2023 10:54:35 GMT-0700 (Pacific Daylight Time),display:none,,s:8 t:22.64 b:0.000-60.760  pl_i:944 pbs:1309,,,,0 KB,display:none,,100% / 100% (content loudness -9.4dB),1280x720@25 / 854x480@25,bt709 / bt709,,display:none,display:none,display:none,[],[],[],[],display:none,display:none,display:none,0.0884037706914437,22.636791
tKydpb0z6i0 / DNAJ HHVD YJJ1,av01.0.05M.08 (398) / opus (251),870x489 / 83 dropped of 572,40804 Kbps,38.08 s,Fri Sep 22 2023 10:54:35 GMT-0700 (Pacific Daylight Time),display:none,,s:8 t:22.88 b:0.000-60.760  pl_i:944 pbs:1309,,,,0 KB,display:none,,100% / 100% (content loudness -9.4dB),1280x720@25 / 854x480@25,bt709 / bt709,,display:none,display:none,display:none,[5222881],[0],[None],[38.0751953125],display:none,display:none,display:none,0.0884037706914437,22.884821
tKydpb0z6i0 / DNAJ HHVD YJJ1,av01.0.05M.08 (398) / opus (251),870x489 / 86 dropped of 578,40804 Kbps,37.82 s,Fri Sep 22 2023 10:54:35 GMT-0700 (Pacific Daylight Time),display:none,,s:8 t:23.13 b:0.000-60.760  pl_i:944 pbs:1309,,,,0 KB,display:none,,100% / 100% (content loudness -9.4dB),1280x720@25 / 854x480@25,bt709 / bt709,,display:none,display:none,display:none,[],[],[],[],display:none,display:none,display:none,0.0884037706914437,23.132758
tKydpb0z6i0 / DNAJ HHVD YJJ1,av01.0.05M.08 (398) / opus (251),870x489 / 90 dropped of 585,40804 Kbps,37.56 s,Fri Sep 22 2023 10:54:36 GMT-0700 (Pacific Daylight Time),display:none,,s:8 t:23.38 b:0.000-60.760  pl_i:944 pbs:1309,,,,0 KB,display:none,,100% / 100% (content loudness -9.4dB),1280x720@25 / 854x480@25,bt709 / bt709,,display:none,display:none,display:none,[5222881],[0],[None],[37.56324005126953],display:none,display:none,display:none,0.0884037706914437,23.380814
tKydpb0z6i0 / DNAJ HHVD YJJ1,av01.0.05M.08 (398) / opus (251),870x489 / 95 dropped of 592,40804 Kbps,37.31 s,Fri Sep 22 2023 10:54:36 GMT-0700 (Pacific Daylight Time),display:none,,s:8 t:23.64 b:0.000-66.080  pl_i:944 pbs:1309,,,,0 KB,display:none,,100% / 100% (content loudness -9.4dB),1280x720@25 / 854x480@25,bt709 / bt709,,display:none,display:none,display:none,[],[],[],[],display:none,display:none,display:none,0.0961441930100494,23.636746
tKydpb0z6i0 / DNAJ HHVD YJJ1,av01.0.05M.08 (398) / opus (251),870x489 / 97 dropped of 597,41306 Kbps,42.37 s,Fri Sep 22 2023 10:54:36 GMT-0700 (Pacific Daylight Time),display:none,,s:8 t:23.88 b:0.000-66.080  pl_i:944 pbs:1309,,,,351 KB,display:none,,100% / 100% (content loudness -9.4dB),1280x720@25 / 854x480@25,bt709 / bt709,,display:none,display:none,display:none,[5287192.5],[359817],[None],[42.37125778198242],display:none,display:none,display:none,0.0961441930100494,23.884839
tKydpb0z6i0 / DNAJ HHVD YJJ1,av01.0.05M.08 (398) / opus (251),870x489 / 100 dropped of 606,41306 Kbps,42.12 s,Fri Sep 22 2023 10:54:36 GMT-0700 (Pacific Daylight Time),display:none,,s:8 t:24.13 b:0.000-66.080  pl_i:944 pbs:1309,,,,0 KB,display:none,,100% / 100% (content loudness -9.4dB),1280x720@25 / 854x480@25,bt709 / bt709,,display:none,display:none,display:none,[],[],[],[],display:none,display:none,display:none,0.0961441930100494,24.129996
tKydpb0z6i0 / DNAJ HHVD YJJ1,av01.0.05M.08 (398) / opus (251),870x489 / 100 dropped of 613,41306 Kbps,41.86 s,Fri Sep 22 2023 10:54:37 GMT-0700 (Pacific Daylight Time),display:none,,s:8 t:24.38 b:0.000-66.080  pl_i:944 pbs:1309,,,,0 KB,display:none,,100% / 100% (content loudness -9.4dB),1280x720@25 / 854x480@25,bt709 / bt709,,display:none,display:none,display:none,[5287192.5],[0],[None],[41.859039306640625],display:none,display:none,display:none,0.0961441930100494,24.381008
tKydpb0z6i0 / DNAJ HHVD YJJ1,av01.0.05M.08 (398) / opus (251),870x489 / 101 dropped of 616,41306 Kbps,41.60 s,Fri Sep 22 2023 10:54:37 GMT-0700 (Pacific Daylight Time),display:none,,s:8 t:24.64 b:0.000-66.080  pl_i:944 pbs:1309,,,,0 KB,display:none,,100% / 100% (content loudness -9.4dB),1280x720@25 / 854x480@25,bt709 / bt709,,display:none,display:none,display:none,[],[],[],[],display:none,display:none,display:none,0.0961441930100494,24.636837
tKydpb0z6i0 / DNAJ HHVD YJJ1,av01.0.05M.08 (398) / opus (251),870x489 / 105 dropped of 623,41306 Kbps,41.35 s,Fri Sep 22 2023 10:54:37 GMT-0700 (Pacific Daylight Time),display:none,,s:8 t:24.88 b:0.000-66.080  pl_i:944 pbs:1309,,,,0 KB,display:none,,100% / 100% (content loudness -9.4dB),1280x720@25 / 854x480@25,bt709 / bt709,,display:none,display:none,display:none,[5287192.5],[0],[None],[41.347110748291016],display:none,display:none,display:none,0.0961441930100494,24.884956
tKydpb0z6i0 / DNAJ HHVD YJJ1,av01.0.05M.08 (398) / opus (251),870x489 / 110 dropped of 630,41306 Kbps,41.09 s,Fri Sep 22 2023 10:54:37 GMT-0700 (Pacific Daylight Time),display:none,,s:8 t:25.13 b:0.000-66.080  pl_i:944 pbs:1309,,,,0 KB,display:none,,100% / 100% (content loudness -9.4dB),1280x720@25 / 854x480@25,bt709 / bt709,,display:none,display:none,display:none,[],[],[],[],display:none,display:none,display:none,0.0961441930100494,25.131852
tKydpb0z6i0 / DNAJ HHVD YJJ1,av01.0.05M.08 (398) / opus (251),870x489 / 112 dropped of 634,41306 Kbps,40.84 s,Fri Sep 22 2023 10:54:38 GMT-0700 (Pacific Daylight Time),display:none,,s:8 t:25.38 b:0.000-66.080  pl_i:944 pbs:1309,,,,0 KB,display:none,,100% / 100% (content loudness -9.4dB),1280x720@25 / 854x480@25,bt709 / bt709,,display:none,display:none,display:none,[5287192.5],[0],[None],[40.835201263427734],display:none,display:none,display:none,0.0961441930100494,25.380652
tKydpb0z6i0 / DNAJ HHVD YJJ1,av01.0.05M.08 (398) / opus (251),870x489 / 117 dropped of 641,41306 Kbps,40.58 s,Fri Sep 22 2023 10:54:38 GMT-0700 (Pacific Daylight Time),display:none,,s:8 t:25.63 b:0.000-66.080  pl_i:944 pbs:1309,,,,0 KB,display:none,,100% / 100% (content loudness -9.4dB),1280x720@25 / 854x480@25,bt709 / bt709,,display:none,display:none,display:none,[],[],[],[],display:none,display:none,display:none,0.0961441930100494,25.629207
tKydpb0z6i0 / DNAJ HHVD YJJ1,av01.0.05M.08 (398) / opus (251),870x489 / 121 dropped of 647,41455 Kbps,43.32 s,Fri Sep 22 2023 10:54:38 GMT-0700 (Pacific Daylight Time),display:none,,s:8 t:25.88 b:0.000-69.080  pl_i:944 pbs:1309,,,,412 KB,display:none,,100% / 100% (content loudness -9.4dB),1280x720@25 / 854x480@25,bt709 / bt709,,display:none,display:none,display:none,[5306183.5],[422306],[None],[43.323570251464844],display:none,display:none,display:none,0.1005090928137744,25.884503
tKydpb0z6i0 / DNAJ HHVD YJJ1,av01.0.05M.08 (398) / opus (251),870x489 / 125 dropped of 653,41455 Kbps,43.07 s,Fri Sep 22 2023 10:54:38 GMT-0700 (Pacific Daylight Time),display:none,,s:8 t:26.13 b:0.000-69.080  pl_i:944 pbs:1309,,,,0 KB,display:none,,100% / 100% (content loudness -9.4dB),1280x720@25 / 854x480@25,bt709 / bt709,,display:none,display:none,display:none,[],[],[],[],display:none,display:none,display:none,0.1005090928137744,26.13253
tKydpb0z6i0 / DNAJ HHVD YJJ1,av01.0.05M.08 (398) / opus (251),870x489 / 129 dropped of 660,41455 Kbps,42.81 s,Fri Sep 22 2023 10:54:39 GMT-0700 (Pacific Daylight Time),display:none,,s:8 t:26.38 b:0.000-69.080  pl_i:944 pbs:1309,,,,0 KB,display:none,,100% / 100% (content loudness -9.4dB),1280x720@25 / 854x480@25,bt709 / bt709,,display:none,display:none,display:none,[5306183.5],[0],[None],[42.81147384643555],display:none,display:none,display:none,0.1005090928137744,26.38046
tKydpb0z6i0 / DNAJ HHVD YJJ1,av01.0.05M.08 (398) / opus (251),870x489 / 132 dropped of 666,41455 Kbps,42.56 s,Fri Sep 22 2023 10:54:39 GMT-0700 (Pacific Daylight Time),display:none,,s:8 t:26.64 b:0.000-69.080  pl_i:944 pbs:1309,,,,0 KB,display:none,,100% / 100% (content loudness -9.4dB),1280x720@25 / 854x480@25,bt709 / bt709,,display:none,display:none,display:none,[],[],[],[],display:none,display:none,display:none,0.1005090928137744,26.636377
tKydpb0z6i0 / DNAJ HHVD YJJ1,av01.0.05M.08 (398) / opus (251),870x489 / 136 dropped of 672,41455 Kbps,42.31 s,Fri Sep 22 2023 10:54:39 GMT-0700 (Pacific Daylight Time),display:none,,s:8 t:26.88 b:0.000-69.080  pl_i:944 pbs:1309,,,,0 KB,display:none,,100% / 100% (content loudness -9.4dB),1280x720@25 / 854x480@25,bt709 / bt709,,display:none,display:none,display:none,[5306183.5],[0],[None],[42.30765914916992],display:none,display:none,display:none,0.1005090928137744,26.881339
tKydpb0z6i0 / DNAJ HHVD YJJ1,av01.0.05M.08 (398) / opus (251),870x489 / 141 dropped of 681,41455 Kbps,42.05 s,Fri Sep 22 2023 10:54:39 GMT-0700 (Pacific Daylight Time),display:none,,s:8 t:27.13 b:0.000-69.080  pl_i:944 pbs:1309,,,,0 KB,display:none,,100% / 100% (content loudness -9.4dB),1280x720@25 / 854x480@25,bt709 / bt709,,display:none,display:none,display:none,[],[],[],[],display:none,display:none,display:none,0.1005090928137744,27.132355
tKydpb0z6i0 / DNAJ HHVD YJJ1,av01.0.05M.08 (398) / opus (251),870x489 / 145 dropped of 688,41455 Kbps,41.80 s,Fri Sep 22 2023 10:54:40 GMT-0700 (Pacific Daylight Time),display:none,,s:8 t:27.38 b:0.000-69.080  pl_i:944 pbs:1309,,,,0 KB,display:none,,100% / 100% (content loudness -9.4dB),1280x720@25 / 854x480@25,bt709 / bt709,,display:none,display:none,display:none,[5306183.5],[0],[None],[41.79570770263672],display:none,display:none,display:none,0.1005090928137744,27.380135
tKydpb0z6i0 / DNAJ HHVD YJJ1,av01.0.05M.08 (398) / opus (251),870x489 / 145 dropped of 694,41455 Kbps,41.54 s,Fri Sep 22 2023 10:54:40 GMT-0700 (Pacific Daylight Time),display:none,,s:8 t:27.64 b:0.000-69.080  pl_i:944 pbs:1309,,,,0 KB,display:none,,100% / 100% (content loudness -9.4dB),1280x720@25 / 854x480@25,bt709 / bt709,,display:none,display:none,display:none,[],[],[],[],display:none,display:none,display:none,0.1005090928137744,27.636069
tKydpb0z6i0 / DNAJ HHVD YJJ1,av01.0.05M.08 (398) / opus (251),870x489 / 145 dropped of 697,41437 Kbps,44.92 s,Fri Sep 22 2023 10:54:40 GMT-0700 (Pacific Daylight Time),display:none,,s:8 t:27.88 b:0.000-72.720  pl_i:944 pbs:1309,,,,143 KB,display:none,,100% / 100% (content loudness -9.4dB),1280x720@25 / 854x480@25,bt709 / bt709,,display:none,display:none,display:none,[5303918],[146584],[None],[44.9239387512207],display:none,display:none,display:none,0.1058051712422941,27.884118
tKydpb0z6i0 / DNAJ HHVD YJJ1,av01.0.05M.08 (398) / opus (251),870x489 / 149 dropped of 707,41437 Kbps,44.67 s,Fri Sep 22 2023 10:54:40 GMT-0700 (Pacific Daylight Time),display:none,,s:8 t:28.13 b:0.000-72.720  pl_i:944 pbs:1309,,,,0 KB,display:none,,100% / 100% (content loudness -9.4dB),1280x720@25 / 854x480@25,bt709 / bt709,,display:none,display:none,display:none,[],[],[],[],display:none,display:none,display:none,0.1058051712422941,28.132085
tKydpb0z6i0 / DNAJ HHVD YJJ1,av01.0.05M.08 (398) / opus (251),870x489 / 149 dropped of 713,41437 Kbps,44.41 s,Fri Sep 22 2023 10:54:41 GMT-0700 (Pacific Daylight Time),display:none,,s:8 t:28.38 b:0.000-72.720  pl_i:944 pbs:1309,,,,0 KB,display:none,,100% / 100% (content loudness -9.4dB),1280x720@25 / 854x480@25,bt709 / bt709,,display:none,display:none,display:none,[5303918],[0],[None],[44.41185760498047],display:none,display:none,display:none,0.1058051712422941,28.380139
tKydpb0z6i0 / DNAJ HHVD YJJ1,av01.0.05M.08 (398) / opus (251),870x489 / 149 dropped of 720,41437 Kbps,44.16 s,Fri Sep 22 2023 10:54:41 GMT-0700 (Pacific Daylight Time),display:none,,s:8 t:28.64 b:0.000-72.720  pl_i:944 pbs:1309,,,,0 KB,display:none,,100% / 100% (content loudness -9.4dB),1280x720@25 / 854x480@25,bt709 / bt709,,display:none,display:none,display:none,[],[],[],[],display:none,display:none,display:none,0.1058051712422941,28.636067
tKydpb0z6i0 / DNAJ HHVD YJJ1,av01.0.05M.08 (398) / opus (251),870x489 / 149 dropped of 726,41437 Kbps,43.90 s,Fri Sep 22 2023 10:54:41 GMT-0700 (Pacific Daylight Time),display:none,,s:8 t:28.88 b:0.000-72.720  pl_i:944 pbs:1309,,,,0 KB,display:none,,100% / 100% (content loudness -9.4dB),1280x720@25 / 854x480@25,bt709 / bt709,,display:none,display:none,display:none,[5303918],[0],[None],[43.89998245239258],display:none,display:none,display:none,0.1058051712422941,28.884099
tKydpb0z6i0 / DNAJ HHVD YJJ1,av01.0.05M.08 (398) / opus (251),870x489 / 149 dropped of 732,41437 Kbps,43.65 s,Fri Sep 22 2023 10:54:41 GMT-0700 (Pacific Daylight Time),display:none,,s:8 t:29.13 b:0.000-72.720  pl_i:944 pbs:1309,,,,0 KB,display:none,,100% / 100% (content loudness -9.4dB),1280x720@25 / 854x480@25,bt709 / bt709,,display:none,display:none,display:none,[5303918],[0],[None],[43.64911651611328],display:none,display:none,display:none,0.1058051712422941,29.131957
tKydpb0z6i0 / DNAJ HHVD YJJ1,av01.0.05M.08 (398) / opus (251),870x489 / 149 dropped of 738,41437 Kbps,43.40 s,Fri Sep 22 2023 10:54:42 GMT-0700 (Pacific Daylight Time),display:none,,s:8 t:29.38 b:0.000-72.720  pl_i:944 pbs:1309,,,,0 KB,display:none,,100% / 100% (content loudness -9.4dB),1280x720@25 / 854x480@25,bt709 / bt709,,display:none,display:none,display:none,[5303918],[0],[None],[43.395965576171875],display:none,display:none,display:none,0.1058051712422941,29.381051
tKydpb0z6i0 / DNAJ HHVD YJJ1,av01.0.05M.08 (398) / opus (251),870x489 / 149 dropped of 744,41437 Kbps,43.14 s,Fri Sep 22 2023 10:54:42 GMT-0700 (Pacific Daylight Time),display:none,,s:8 t:29.64 b:0.000-72.720  pl_i:944 pbs:1309,,,,0 KB,display:none,,100% / 100% (content loudness -9.4dB),1280x720@25 / 854x480@25,bt709 / bt709,,display:none,display:none,display:none,[5303918],[0],[None],[43.144676208496094],display:none,display:none,display:none,0.1058051712422941,29.63612
tKydpb0z6i0 / DNAJ HHVD YJJ1,av01.0.05M.08 (398) / opus (251),870x489 / 149 dropped of 750,41437 Kbps,42.89 s,Fri Sep 22 2023 10:54:42 GMT-0700 (Pacific Daylight Time),display:none,,s:8 t:29.88 b:0.000-72.720  pl_i:944 pbs:1309,,,,0 KB,display:none,,100% / 100% (content loudness -9.4dB),1280x720@25 / 854x480@25,bt709 / bt709,,display:none,display:none,display:none,[5303918],[0],[None],[42.89209747314453],display:none,display:none,display:none,0.1058051712422941,29.878499
tKydpb0z6i0 / DNAJ HHVD YJJ1,av01.0.05M.08 (398) / opus (251),870x489 / 149 dropped of 756,41600 Kbps,49.56 s,Fri Sep 22 2023 10:54:42 GMT-0700 (Pacific Daylight Time),display:none,,s:8 t:30.13 b:0.000-79.640  pl_i:944 pbs:1309,,,,190 KB,display:none,,100% / 100% (content loudness -9.4dB),1280x720@25 / 854x480@25,bt709 / bt709,,display:none,display:none,display:none,[5324816],[194572],[None],[49.561641693115234],display:none,display:none,display:none,0.1158735401228864,30.131876
tKydpb0z6i0 / DNAJ HHVD YJJ1,av01.0.05M.08 (398) / opus (251),870x489 / 149 dropped of 763,41600 Kbps,49.31 s,Fri Sep 22 2023 10:54:43 GMT-0700 (Pacific Daylight Time),display:none,,s:8 t:30.38 b:0.000-79.640  pl_i:944 pbs:1309,,,,0 KB,display:none,,100% / 100% (content loudness -9.4dB),1280x720@25 / 854x480@25,bt709 / bt709,,display:none,display:none,display:none,[5324816],[0],[None],[49.30812072753906],display:none,display:none,display:none,0.1158735401228864,30.37983
tKydpb0z6i0 / DNAJ HHVD YJJ1,av01.0.05M.08 (398) / opus (251),870x489 / 149 dropped of 769,41600 Kbps,49.06 s,Fri Sep 22 2023 10:54:43 GMT-0700 (Pacific Daylight Time),display:none,,s:8 t:30.64 b:0.000-79.640  pl_i:944 pbs:1309,,,,0 KB,display:none,,100% / 100% (content loudness -9.4dB),1280x720@25 / 854x480@25,bt709 / bt709,,display:none,display:none,display:none,[5324816],[0],[None],[49.055870056152344],display:none,display:none,display:none,0.1158735401228864,30.635735
tKydpb0z6i0 / DNAJ HHVD YJJ1,av01.0.05M.08 (398) / opus (251),870x489 / 149 dropped of 774,41600 Kbps,48.80 s,Fri Sep 22 2023 10:54:43 GMT-0700 (Pacific Daylight Time),display:none,,s:8 t:30.88 b:0.000-79.640  pl_i:944 pbs:1309,,,,0 KB,display:none,,100% / 100% (content loudness -9.4dB),1280x720@25 / 854x480@25,bt709 / bt709,,display:none,display:none,display:none,[5324816],[0],[None],[48.804195404052734],display:none,display:none,display:none,0.1158735401228864,30.88376
tKydpb0z6i0 / DNAJ HHVD YJJ1,av01.0.05M.08 (398) / opus (251),870x489 / 151 dropped of 780,41600 Kbps,48.55 s,Fri Sep 22 2023 10:54:43 GMT-0700 (Pacific Daylight Time),display:none,,s:8 t:31.13 b:0.000-79.640  pl_i:944 pbs:1309,,,,0 KB,display:none,,100% / 100% (content loudness -9.4dB),1280x720@25 / 854x480@25,bt709 / bt709,,display:none,display:none,display:none,[5324816],[0],[None],[48.55188751220703],display:none,display:none,display:none,0.1158735401228864,31.131735
tKydpb0z6i0 / DNAJ HHVD YJJ1,av01.0.05M.08 (398) / opus (251),870x489 / 153 dropped of 788,41600 Kbps,48.30 s,Fri Sep 22 2023 10:54:44 GMT-0700 (Pacific Daylight Time),display:none,,s:8 t:31.38 b:0.000-79.640  pl_i:944 pbs:1309,,,,0 KB,display:none,,100% / 100% (content loudness -9.4dB),1280x720@25 / 854x480@25,bt709 / bt709,,display:none,display:none,display:none,[5324816],[0],[None],[48.300262451171875],display:none,display:none,display:none,0.1158735401228864,31.379779
tKydpb0z6i0 / DNAJ HHVD YJJ1,av01.0.05M.08 (398) / opus (251),870x489 / 153 dropped of 794,41600 Kbps,48.05 s,Fri Sep 22 2023 10:54:44 GMT-0700 (Pacific Daylight Time),display:none,,s:8 t:31.64 b:0.000-79.640  pl_i:944 pbs:1309,,,,0 KB,display:none,,100% / 100% (content loudness -9.4dB),1280x720@25 / 854x480@25,bt709 / bt709,,display:none,display:none,display:none,[5324816],[0],[None],[48.047645568847656],display:none,display:none,display:none,0.1158735401228864,31.635879
tKydpb0z6i0 / DNAJ HHVD YJJ1,av01.0.05M.08 (398) / opus (251),870x489 / 153 dropped of 800,41600 Kbps,47.80 s,Fri Sep 22 2023 10:54:44 GMT-0700 (Pacific Daylight Time),display:none,,s:8 t:31.88 b:0.000-79.640  pl_i:944 pbs:1309,,,,0 KB,display:none,,100% / 100% (content loudness -9.4dB),1280x720@25 / 854x480@25,bt709 / bt709,,display:none,display:none,display:none,[5324816],[0],[None],[47.79611587524414],display:none,display:none,display:none,0.1158735401228864,31.883922
tKydpb0z6i0 / DNAJ HHVD YJJ1,av01.0.05M.08 (398) / opus (251),870x489 / 153 dropped of 806,41600 Kbps,47.54 s,Fri Sep 22 2023 10:54:44 GMT-0700 (Pacific Daylight Time),display:none,,s:8 t:32.13 b:0.000-79.640  pl_i:944 pbs:1309,,,,0 KB,display:none,,100% / 100% (content loudness -9.4dB),1280x720@25 / 854x480@25,bt709 / bt709,,display:none,display:none,display:none,[5324816],[0],[None],[47.54362106323242],display:none,display:none,display:none,0.1158735401228864,32.131932
tKydpb0z6i0 / DNAJ HHVD YJJ1,av01.0.05M.08 (398) / opus (251),870x489 / 153 dropped of 813,41600 Kbps,47.29 s,Fri Sep 22 2023 10:54:45 GMT-0700 (Pacific Daylight Time),display:none,,s:8 t:32.38 b:0.000-79.640  pl_i:944 pbs:1309,,,,0 KB,display:none,,100% / 100% (content loudness -9.4dB),1280x720@25 / 854x480@25,bt709 / bt709,,display:none,display:none,display:none,[5324816],[0],[None],[47.29216766357422],display:none,display:none,display:none,0.1158735401228864,32.379954
tKydpb0z6i0 / DNAJ HHVD YJJ1,av01.0.05M.08 (398) / opus (251),870x489 / 153 dropped of 819,41600 Kbps,47.04 s,Fri Sep 22 2023 10:54:45 GMT-0700 (Pacific Daylight Time),display:none,,s:8 t:32.63 b:0.000-79.640  pl_i:944 pbs:1309,,,,0 KB,display:none,,100% / 100% (content loudness -9.4dB),1280x720@25 / 854x480@25,bt709 / bt709,,display:none,display:none,display:none,[5324816],[0],[None],[47.03978729248047],display:none,display:none,display:none,0.1158735401228864,32.630811
tKydpb0z6i0 / DNAJ HHVD YJJ1,av01.0.05M.08 (398) / opus (251),870x489 / 153 dropped of 825,41600 Kbps,46.79 s,Fri Sep 22 2023 10:54:45 GMT-0700 (Pacific Daylight Time),display:none,,s:8 t:32.88 b:0.000-79.640  pl_i:944 pbs:1309,,,,0 KB,display:none,,100% / 100% (content loudness -9.4dB),1280x720@25 / 854x480@25,bt709 / bt709,,display:none,display:none,display:none,[5324816],[0],[None],[46.78812789916992],display:none,display:none,display:none,0.1158735401228864,32.883774
tKydpb0z6i0 / DNAJ HHVD YJJ1,av01.0.05M.08 (398) / opus (251),870x489 / 153 dropped of 831,41618 Kbps,46.90 s,Fri Sep 22 2023 10:54:45 GMT-0700 (Pacific Daylight Time),display:none,,s:8 t:33.13 b:0.000-80.001  pl_i:944 pbs:1309,,,,89 KB,display:none,,100% / 100% (content loudness -9.4dB),1280x720@25 / 854x480@25,bt709 / bt709,,display:none,display:none,display:none,[5327081.5],[91627],[None],[46.89708709716797],display:none,display:none,display:none,0.1163987830659347,33.12851
tKydpb0z6i0 / DNAJ HHVD YJJ1,av01.0.05M.08 (398) / opus (251),870x489 / 153 dropped of 838,41620 Kbps,50.93 s,Fri Sep 22 2023 10:54:46 GMT-0700 (Pacific Daylight Time),display:none,,s:8 t:33.38 b:0.000-84.280  pl_i:944 pbs:1309,,,,457 KB,display:none,,100% / 100% (content loudness -9.4dB),1280x720@25 / 854x480@25,bt709 / bt709,,display:none,display:none,display:none,[5327392.5],[467721],[None],[50.92510986328125],display:none,display:none,display:none,0.1226245851526478,33.379737
tKydpb0z6i0 / DNAJ HHVD YJJ1,av01.0.05M.08 (398) / opus (251),870x489 / 153 dropped of 844,41620 Kbps,50.67 s,Fri Sep 22 2023 10:54:46 GMT-0700 (Pacific Daylight Time),display:none,,s:8 t:33.63 b:0.000-84.280  pl_i:944 pbs:1309,,,,0 KB,display:none,,100% / 100% (content loudness -9.4dB),1280x720@25 / 854x480@25,bt709 / bt709,,display:none,display:none,display:none,[5327392.5],[0],[None],[50.67050552368164],display:none,display:none,display:none,0.1226245851526478,33.631228
tKydpb0z6i0 / DNAJ HHVD YJJ1,av01.0.05M.08 (398) / opus (251),870x489 / 153 dropped of 850,41620 Kbps,50.42 s,Fri Sep 22 2023 10:54:46 GMT-0700 (Pacific Daylight Time),display:none,,s:8 t:33.88 b:0.000-84.280  pl_i:944 pbs:1309,,,,0 KB,display:none,,100% / 100% (content loudness -9.4dB),1280x720@25 / 854x480@25,bt709 / bt709,,display:none,display:none,display:none,[5327392.5],[0],[None],[50.419551849365234],display:none,display:none,display:none,0.1226245851526478,33.883592
tKydpb0z6i0 / DNAJ HHVD YJJ1,av01.0.05M.08 (398) / opus (251),870x489 / 153 dropped of 856,41620 Kbps,50.17 s,Fri Sep 22 2023 10:54:46 GMT-0700 (Pacific Daylight Time),display:none,,s:8 t:34.13 b:0.000-84.280  pl_i:944 pbs:1309,,,,0 KB,display:none,,100% / 100% (content loudness -9.4dB),1280x720@25 / 854x480@25,bt709 / bt709,,display:none,display:none,display:none,[5327392.5],[0],[None],[50.16790771484375],display:none,display:none,display:none,0.1226245851526478,34.131744
tKydpb0z6i0 / DNAJ HHVD YJJ1,av01.0.05M.08 (398) / opus (251),870x489 / 153 dropped of 863,41620 Kbps,49.92 s,Fri Sep 22 2023 10:54:47 GMT-0700 (Pacific Daylight Time),display:none,,s:8 t:34.38 b:0.000-84.280  pl_i:944 pbs:1309,,,,0 KB,display:none,,100% / 100% (content loudness -9.4dB),1280x720@25 / 854x480@25,bt709 / bt709,,display:none,display:none,display:none,[5327392.5],[0],[None],[49.916316986083984],display:none,display:none,display:none,0.1226245851526478,34.378069
tKydpb0z6i0 / DNAJ HHVD YJJ1,av01.0.05M.08 (398) / opus (251),870x489 / 153 dropped of 867,41620 Kbps,49.72 s,Fri Sep 22 2023 10:54:47 GMT-0700 (Pacific Daylight Time),display:none,,s:4 t:34.56 b:0.000-84.280 P pl_i:944 pbs:1309,,,,0 KB,display:none,,100% / 100% (content loudness -9.4dB),1280x720@25 / 854x480@25,bt709 / bt709,,display:none,display:none,display:none,[5327392.5],[0],[None],[49.71662902832031],display:none,display:none,display:none,0.1226245851526478,34.563372
tKydpb0z6i0 / DNAJ HHVD YJJ1,av01.0.05M.08 (398) / opus (251),870x489 / 153 dropped of 867,41620 Kbps,49.72 s,Fri Sep 22 2023 10:54:47 GMT-0700 (Pacific Daylight Time),display:none,,s:4 t:34.56 b:0.000-84.280 P pl_i:944 pbs:1309,,,,0 KB,display:none,,100% / 100% (content loudness -9.4dB),1280x720@25 / 854x480@25,bt709 / bt709,,display:none,display:none,display:none,[5327392.5],[0],[None],[49.71662902832031],display:none,display:none,display:none,0.1226245851526478,34.563372
tKydpb0z6i0 / DNAJ HHVD YJJ1,av01.0.05M.08 (398) / opus (251),870x489 / 153 dropped of 867,41620 Kbps,49.72 s,Fri Sep 22 2023 10:54:47 GMT-0700 (Pacific Daylight Time),display:none,,s:4 t:34.56 b:0.000-84.280 P pl_i:944 pbs:1309,,,,0 KB,display:none,,100% / 100% (content loudness -9.4dB),1280x720@25 / 854x480@25,bt709 / bt709,,display:none,display:none,display:none,[5327392.5],[0],[None],[49.71662902832031],display:none,display:none,display:none,0.1226245851526478,34.563372
tKydpb0z6i0 / DNAJ HHVD YJJ1,av01.0.05M.08 (398) / opus (251),870x489 / 153 dropped of 867,41618 Kbps,55.48 s,Fri Sep 22 2023 10:54:48 GMT-0700 (Pacific Daylight Time),display:none,,s:4 t:34.56 b:0.000-90.040 P pl_i:944 pbs:1309,,,,46 KB,display:none,,100% / 100% (content loudness -9.4dB),1280x720@25 / 854x480@25,bt709 / bt709,,display:none,display:none,display:none,[5327081.5],[46914],[None],[55.476627349853516],display:none,display:none,display:none,0.1310051927757998,34.563372
tKydpb0z6i0 / DNAJ HHVD YJJ1,av01.0.05M.08 (398) / opus (251),870x489 / 153 dropped of 867,41618 Kbps,55.48 s,Fri Sep 22 2023 10:54:48 GMT-0700 (Pacific Daylight Time),display:none,,s:4 t:34.56 b:0.000-90.040 P pl_i:944 pbs:1309,,,,0 KB,display:none,,100% / 100% (content loudness -9.4dB),1280x720@25 / 854x480@25,bt709 / bt709,,display:none,display:none,display:none,[5327081.5],[0],[None],[55.476627349853516],display:none,display:none,display:none,0.1310051927757998,34.563372
tKydpb0z6i0 / DNAJ HHVD YJJ1,av01.0.05M.08 (398) / opus (251),870x489 / 153 dropped of 867,41618 Kbps,55.48 s,Fri Sep 22 2023 10:54:48 GMT-0700 (Pacific Daylight Time),display:none,,s:4 t:34.56 b:0.000-90.040 P pl_i:944 pbs:1309,,,,0 KB,display:none,,100% / 100% (content loudness -9.4dB),1280x720@25 / 854x480@25,bt709 / bt709,,display:none,display:none,display:none,[],[],[],[],display:none,display:none,display:none,0.1310051927757998,34.563372
tKydpb0z6i0 / DNAJ HHVD YJJ1,av01.0.05M.08 (398) / opus (251),870x489 / 153 dropped of 867,41618 Kbps,55.48 s,Fri Sep 22 2023 10:54:48 GMT-0700 (Pacific Daylight Time),display:none,,s:4 t:34.56 b:0.000-90.040 P pl_i:944 pbs:1309,,,,0 KB,display:none,,100% / 100% (content loudness -9.4dB),1280x720@25 / 854x480@25,bt709 / bt709,,display:none,display:none,display:none,[],[],[],[],display:none,display:none,display:none,0.1310051927757998,34.563372
tKydpb0z6i0 / DNAJ HHVD YJJ1,av01.0.05M.08 (398) / opus (251),870x489 / 153 dropped of 867,41618 Kbps,55.48 s,Fri Sep 22 2023 10:54:49 GMT-0700 (Pacific Daylight Time),display:none,,s:4 t:34.56 b:0.000-90.040 P pl_i:944 pbs:1309,,,,0 KB,display:none,,100% / 100% (content loudness -9.4dB),1280x720@25 / 854x480@25,bt709 / bt709,,display:none,display:none,display:none,[5327081.5],[0],[None],[55.476627349853516],display:none,display:none,display:none,0.1310051927757998,34.563372
tKydpb0z6i0 / DNAJ HHVD YJJ1,av01.0.05M.08 (398) / opus (251),870x489 / 153 dropped of 867,41618 Kbps,55.48 s,Fri Sep 22 2023 10:54:49 GMT-0700 (Pacific Daylight Time),display:none,,s:4 t:34.56 b:0.000-90.040 P pl_i:944 pbs:1309,,,,0 KB,display:none,,100% / 100% (content loudness -9.4dB),1280x720@25 / 854x480@25,bt709 / bt709,,display:none,display:none,display:none,[],[],[],[],display:none,display:none,display:none,0.1310051927757998,34.563372
tKydpb0z6i0 / DNAJ HHVD YJJ1,av01.0.05M.08 (398) / opus (251),870x489 / 153 dropped of 867,41618 Kbps,55.48 s,Fri Sep 22 2023 10:54:49 GMT-0700 (Pacific Daylight Time),display:none,,s:4 t:34.56 b:0.000-90.040 P pl_i:944 pbs:1309,,,,0 KB,display:none,,100% / 100% (content loudness -9.4dB),1280x720@25 / 854x480@25,bt709 / bt709,,display:none,display:none,display:none,[5327081.5],[0],[None],[55.476627349853516],display:none,display:none,display:none,0.1310051927757998,34.563372
tKydpb0z6i0 / DNAJ HHVD YJJ1,av01.0.05M.08 (398) / opus (251),870x489 / 153 dropped of 867,41618 Kbps,55.48 s,Fri Sep 22 2023 10:54:49 GMT-0700 (Pacific Daylight Time),display:none,,s:4 t:34.56 b:0.000-90.040 P pl_i:944 pbs:1309,,,,0 KB,display:none,,100% / 100% (content loudness -9.4dB),1280x720@25 / 854x480@25,bt709 / bt709,,display:none,display:none,display:none,[5327081.5],[0],[None],[55.476627349853516],display:none,display:none,display:none,0.1310051927757998,34.563372
tKydpb0z6i0 / DNAJ HHVD YJJ1,av01.0.05M.08 (398) / opus (251),870x489 / 153 dropped of 867,41618 Kbps,55.48 s,Fri Sep 22 2023 10:54:50 GMT-0700 (Pacific Daylight Time),display:none,,s:4 t:34.56 b:0.000-90.040 P pl_i:944 pbs:1309,,,,0 KB,display:none,,100% / 100% (content loudness -9.4dB),1280x720@25 / 854x480@25,bt709 / bt709,,display:none,display:none,display:none,[5327081.5],[0],[None],[55.476627349853516],display:none,display:none,display:none,0.1310051927757998,34.563372
tKydpb0z6i0 / DNAJ HHVD YJJ1,av01.0.05M.08 (398) / opus (251),870x489 / 153 dropped of 867,41618 Kbps,55.48 s,Fri Sep 22 2023 10:54:50 GMT-0700 (Pacific Daylight Time),display:none,,s:4 t:34.56 b:0.000-90.040 P pl_i:944 pbs:1309,,,,0 KB,display:none,,100% / 100% (content loudness -9.4dB),1280x720@25 / 854x480@25,bt709 / bt709,,display:none,display:none,display:none,[5327081.5],[0],[None],[55.476627349853516],display:none,display:none,display:none,0.1310051927757998,34.563372
tKydpb0z6i0 / DNAJ HHVD YJJ1,av01.0.05M.08 (398) / opus (251),870x489 / 153 dropped of 867,41618 Kbps,55.48 s,Fri Sep 22 2023 10:54:50 GMT-0700 (Pacific Daylight Time),display:none,,s:4 t:34.56 b:0.000-90.040 P pl_i:944 pbs:1309,,,,0 KB,display:none,,100% / 100% (content loudness -9.4dB),1280x720@25 / 854x480@25,bt709 / bt709,,display:none,display:none,display:none,[5327081.5],[0],[None],[55.476627349853516],display:none,display:none,display:none,0.1310051927757998,34.563372
tKydpb0z6i0 / DNAJ HHVD YJJ1,av01.0.05M.08 (398) / opus (251),870x489 / 153 dropped of 867,41618 Kbps,55.48 s,Fri Sep 22 2023 10:54:50 GMT-0700 (Pacific Daylight Time),display:none,,s:4 t:34.56 b:0.000-90.040 P pl_i:944 pbs:1309,,,,0 KB,display:none,,100% / 100% (content loudness -9.4dB),1280x720@25 / 854x480@25,bt709 / bt709,,display:none,display:none,display:none,[5327081.5],[0],[None],[55.476627349853516],display:none,display:none,display:none,0.1310051927757998,34.563372
tKydpb0z6i0 / DNAJ HHVD YJJ1,av01.0.05M.08 (398) / opus (251),870x489 / 153 dropped of 867,41618 Kbps,55.48 s,Fri Sep 22 2023 10:54:51 GMT-0700 (Pacific Daylight Time),display:none,,s:4 t:34.56 b:0.000-90.040 P pl_i:944 pbs:1309,,,,0 KB,display:none,,100% / 100% (content loudness -9.4dB),1280x720@25 / 854x480@25,bt709 / bt709,,display:none,display:none,display:none,[5327081.5],[0],[None],[55.476627349853516],display:none,display:none,display:none,0.1310051927757998,34.563372
tKydpb0z6i0 / DNAJ HHVD YJJ1,av01.0.05M.08 (398) / opus (251),870x489 / 153 dropped of 867,41618 Kbps,55.48 s,Fri Sep 22 2023 10:54:51 GMT-0700 (Pacific Daylight Time),display:none,,s:4 t:34.56 b:0.000-90.040 P pl_i:944 pbs:1309,,,,0 KB,display:none,,100% / 100% (content loudness -9.4dB),1280x720@25 / 854x480@25,bt709 / bt709,,display:none,display:none,display:none,[5327081.5],[0],[None],[55.476627349853516],display:none,display:none,display:none,0.1310051927757998,34.563372
tKydpb0z6i0 / DNAJ HHVD YJJ1,av01.0.05M.08 (398) / opus (251),870x489 / 153 dropped of 867,41618 Kbps,55.48 s,Fri Sep 22 2023 10:54:51 GMT-0700 (Pacific Daylight Time),display:none,,s:4 t:34.56 b:0.000-90.040 P pl_i:944 pbs:1309,,,,0 KB,display:none,,100% / 100% (content loudness -9.4dB),1280x720@25 / 854x480@25,bt709 / bt709,,display:none,display:none,display:none,[5327081.5],[0],[None],[55.476627349853516],display:none,display:none,display:none,0.1310051927757998,34.563372
tKydpb0z6i0 / DNAJ HHVD YJJ1,av01.0.05M.08 (398) / opus (251),870x489 / 153 dropped of 867,41618 Kbps,55.48 s,Fri Sep 22 2023 10:54:51 GMT-0700 (Pacific Daylight Time),display:none,,s:4 t:34.56 b:0.000-90.040 P pl_i:944 pbs:1309,,,,0 KB,display:none,,100% / 100% (content loudness -9.4dB),1280x720@25 / 854x480@25,bt709 / bt709,,display:none,display:none,display:none,[5327081.5],[0],[None],[55.476627349853516],display:none,display:none,display:none,0.1310051927757998,34.563372
tKydpb0z6i0 / DNAJ HHVD YJJ1,av01.0.05M.08 (398) / opus (251),870x489 / 153 dropped of 867,41618 Kbps,55.48 s,Fri Sep 22 2023 10:54:52 GMT-0700 (Pacific Daylight Time),display:none,,s:4 t:34.56 b:0.000-90.040 P pl_i:944 pbs:1309,,,,0 KB,display:none,,100% / 100% (content loudness -9.4dB),1280x720@25 / 854x480@25,bt709 / bt709,,display:none,display:none,display:none,[5327081.5],[0],[None],[55.476627349853516],display:none,display:none,display:none,0.1310051927757998,34.563372
tKydpb0z6i0 / DNAJ HHVD YJJ1,av01.0.05M.08 (398) / opus (251),870x489 / 153 dropped of 867,41618 Kbps,55.48 s,Fri Sep 22 2023 10:54:52 GMT-0700 (Pacific Daylight Time),display:none,,s:4 t:34.56 b:0.000-90.040 P pl_i:944 pbs:1309,,,,0 KB,display:none,,100% / 100% (content loudness -9.4dB),1280x720@25 / 854x480@25,bt709 / bt709,,display:none,display:none,display:none,[5327081.5],[0],[None],[55.476627349853516],display:none,display:none,display:none,0.1310051927757998,34.563372
tKydpb0z6i0 / DNAJ HHVD YJJ1,av01.0.05M.08 (398) / opus (251),870x489 / 153 dropped of 867,41618 Kbps,55.48 s,Fri Sep 22 2023 10:54:52 GMT-0700 (Pacific Daylight Time),display:none,,s:4 t:34.56 b:0.000-90.040 P pl_i:944 pbs:1309,,,,0 KB,display:none,,100% / 100% (content loudness -9.4dB),1280x720@25 / 854x480@25,bt709 / bt709,,display:none,display:none,display:none,[5327081.5],[0],[None],[55.476627349853516],display:none,display:none,display:none,0.1310051927757998,34.563372
tKydpb0z6i0 / DNAJ HHVD YJJ1,av01.0.05M.08 (398) / opus (251),870x489 / 153 dropped of 867,41618 Kbps,55.48 s,Fri Sep 22 2023 10:54:52 GMT-0700 (Pacific Daylight Time),display:none,,s:4 t:34.56 b:0.000-90.040 P pl_i:944 pbs:1309,,,,0 KB,display:none,,100% / 100% (content loudness -9.4dB),1280x720@25 / 854x480@25,bt709 / bt709,,display:none,display:none,display:none,[5327081.5],[0],[None],[55.476627349853516],display:none,display:none,display:none,0.1310051927757998,34.563372
tKydpb0z6i0 / DNAJ HHVD YJJ1,av01.0.05M.08 (398) / opus (251),870x489 / 153 dropped of 867,41618 Kbps,55.48 s,Fri Sep 22 2023 10:54:53 GMT-0700 (Pacific Daylight Time),display:none,,s:4 t:34.56 b:0.000-90.040 P pl_i:944 pbs:1309,,,,0 KB,display:none,,100% / 100% (content loudness -9.4dB),1280x720@25 / 854x480@25,bt709 / bt709,,display:none,display:none,display:none,[5327081.5],[0],[None],[55.476627349853516],display:none,display:none,display:none,0.13100519277579983,34.563372
